校代碼,學校名稱,班群,科目屬性,領域名稱,科目名稱代碼,科目名稱,"高一上
學分數","高一下
學分數","高二上
學分數","高二下
學分數","高三上
學分數","高三下
學分數",公私,隸屬,偏遠,縣市,規模分組,"全校班級總數
(含日夜間部)",全校普通科班級總數,高一普通科班級數
11302,私立康橋高中,S,1,2,3,補強-數學,1,1,1,1,2,2,私立,D,A,新北市,C,42,18,6
11302,私立康橋高中,B,1,3,9,補強-歷史,,,1,,,,私立,D,A,新北市,C,42,18,6
11302,私立康橋高中,B,1,3,0A,補強-地理,,,,1,,,私立,D,A,新北市,C,42,18,6
11306,私立金陵女中,A,1,1,2,補強-英語文,,,1,,2,,私立,D,A,新北市,C,44,17,5
11306,私立金陵女中,B,1,1,2,補強-英語文,,,,,1,,私立,D,A,新北市,C,44,17,5
11306,私立金陵女中,A,1,2,3,補強-數學,,,1,,2,,私立,D,A,新北市,C,44,17,5
11306,私立金陵女中,B,1,2,3,補強-數學,,,,,1,,私立,D,A,新北市,C,44,17,5
11309,財團法人南山高中,A,1,1,1,補強-國語文,,,2,2,2,2,私立,D,A,新北市,D,102,33,11
11309,財團法人南山高中,B,1,1,1,補強-國語文,,,2,2,2,2,私立,D,A,新北市,D,102,33,11
11309,財團法人南山高中,C,1,1,1,補強-國語文,,,2,2,2,2,私立,D,A,新北市,D,102,33,11
11309,財團法人南山高中,D,1,1,1,補強-國語文,,,2,2,2,2,私立,D,A,新北市,D,102,33,11
11309,財團法人南山高中,A,1,1,2,補強-英語文,,,2,2,2,2,私立,D,A,新北市,D,102,33,11
11309,財團法人南山高中,B,1,1,2,補強-英語文,,,2,2,2,2,私立,D,A,新北市,D,102,33,11
11309,財團法人南山高中,C,1,1,2,補強-英語文,,,2,2,2,2,私立,D,A,新北市,D,102,33,11
11309,財團法人南山高中,D,1,1,2,補強-英語文,,,2,2,2,2,私立,D,A,新北市,D,102,33,11
11309,財團法人南山高中,A,1,2,3,補強-數學,,,2,2,2,2,私立,D,A,新北市,D,102,33,11
11309,財團法人南山高中,B,1,2,3,補強-數學,,,2,2,2,2,私立,D,A,新北市,D,102,33,11
11309,財團法人南山高中,C,1,2,3,補強-數學,,,2,2,2,2,私立,D,A,新北市,D,102,33,11
11309,財團法人南山高中,D,1,2,3,補強-數學,,,2,2,2,2,私立,D,A,新北市,D,102,33,11
11315,私立東海高中,A,1,1,1,補強-國語文,1,1,1,1,,,私立,D,A,新北市,A,27,3,1
11315,私立東海高中,A,1,1,2,補強-英語文,1,1,1,1,,,私立,D,A,新北市,A,27,3,1
11316,私立格致高中,A,1,1,2,補強-英語文,,,2,2,,,私立,D,A,新北市,C,52,15,5
11316,私立格致高中,B,1,1,2,補強-英語文,,,,2,2,2,私立,D,A,新北市,C,52,15,5
11316,私立格致高中,A,1,2,3,補強-數學,,,2,2,,,私立,D,A,新北市,C,52,15,5
11316,私立格致高中,B,1,2,3,補強-數學,,,,2,2,2,私立,D,A,新北市,C,52,15,5
11316,私立格致高中,B,1,4,0C,補強-物理,,,,,1,1,私立,D,A,新北市,C,52,15,5
11316,私立格致高中,B,1,4,0D,補強-化學,,,,,1,1,私立,D,A,新北市,C,52,15,5
11317,私立醒吾高中,A,1,1,1,補強-國語文,,,,,1,1,私立,D,A,新北市,A,37,5,1
11317,私立醒吾高中,B,1,1,1,補強-國語文,,,,,1,1,私立,D,A,新北市,A,37,5,1
11317,私立醒吾高中,A,1,1,2,補強-英語文,,,,,1,1,私立,D,A,新北市,A,37,5,1
11317,私立醒吾高中,B,1,1,2,補強-英語文,,,,,1,1,私立,D,A,新北市,A,37,5,1
11317,私立醒吾高中,A,1,2,3,補強-數學,,,,,1,1,私立,D,A,新北市,A,37,5,1
11317,私立醒吾高中,B,1,2,3,補強-數學,,,,,1,1,私立,D,A,新北市,A,37,5,1
11317,私立醒吾高中,A,1,3,9,補強-歷史,,,,,1,1,私立,D,A,新北市,A,37,5,1
11317,私立醒吾高中,A,1,3,0A,補強-地理,,,,,1,1,私立,D,A,新北市,A,37,5,1
11317,私立醒吾高中,A,1,3,0B,補強-公民與社會,,,,,1,1,私立,D,A,新北市,A,37,5,1
11317,私立醒吾高中,B,1,4,0C,補強-物理,,,,,1,1,私立,D,A,新北市,A,37,5,1
11317,私立醒吾高中,B,1,4,0D,補強-化學,,,,,1,1,私立,D,A,新北市,A,37,5,1
11317,私立醒吾高中,B,1,4,0E,補強-生物,,,,,1,1,私立,D,A,新北市,A,37,5,1
11317,私立醒吾高中,A,1,4,0F,補強-地球科學,,,,,1,1,私立,D,A,新北市,A,37,5,1
11317,私立醒吾高中,B,1,4,0F,補強-地球科學,,,,,1,1,私立,D,A,新北市,A,37,5,1
11330,新北市林口康橋國際高中,S,1,1,2,補強-英語文,,,,,2,,私立,D,A,新北市,C,27,10,5
11330,新北市林口康橋國際高中,B,1,2,3,補強-數學,,,,,1,,私立,D,A,新北市,C,27,10,5
11330,新北市林口康橋國際高中,B,1,4,0C,補強-物理,,,,,1,,私立,D,A,新北市,C,27,10,5
11399,私立時雨高中,A,1,3,9,補強-歷史,,,,2,2,,私立,D,A,新北市,C,36,15,5
11399,私立時雨高中,A,1,3,0A,補強-地理,,,,2,2,,私立,D,A,新北市,C,36,15,5
11399,私立時雨高中,A,1,3,0B,補強-公民與社會,,,,2,2,,私立,D,A,新北市,C,36,15,5
13335,市立新店高中,C,1,4,0C,補強-物理,,,1,1,2,,公立,B,A,新北市,E,51,51,16
13335,市立新店高中,D,1,4,0C,補強-物理,,,,,,2,公立,B,A,新北市,E,51,51,16
13335,市立新店高中,C,1,4,0D,補強-化學,,,1,1,2,,公立,B,A,新北市,E,51,51,16
13335,市立新店高中,D,1,4,0D,補強-化學,,,,,,2,公立,B,A,新北市,E,51,51,16
13336,市立中和高中,D,1,1,1,補強-國語文,,,,,2,2,公立,B,A,新北市,E,54,54,18
13336,市立中和高中,A,1,1,1,補強-國語文,,,1,1,1,1,公立,B,A,新北市,E,54,54,18
13336,市立中和高中,B,1,1,1,補強-國語文,,,1,1,1,1,公立,B,A,新北市,E,54,54,18
13336,市立中和高中,C,1,1,1,補強-國語文,,,1,1,1,1,公立,B,A,新北市,E,54,54,18
13336,市立中和高中,D,1,1,2,補強-英語文,,,,,2,2,公立,B,A,新北市,E,54,54,18
13336,市立中和高中,A,1,1,2,補強-英語文,,,1,1,1,1,公立,B,A,新北市,E,54,54,18
13336,市立中和高中,B,1,1,2,補強-英語文,,,1,1,1,1,公立,B,A,新北市,E,54,54,18
13336,市立中和高中,C,1,1,2,補強-英語文,,,1,1,1,1,公立,B,A,新北市,E,54,54,18
13336,市立中和高中,D,1,2,3,補強-數學,,,,,2,2,公立,B,A,新北市,E,54,54,18
13336,市立中和高中,A,1,2,3,補強-數學,,,1,1,1,1,公立,B,A,新北市,E,54,54,18
13336,市立中和高中,B,1,2,3,補強-數學,,,1,1,1,1,公立,B,A,新北市,E,54,54,18
13336,市立中和高中,C,1,2,3,補強-數學,,,1,1,1,1,公立,B,A,新北市,E,54,54,18
13336,市立中和高中,A,1,3,9,補強-歷史,,,1,1,1,1,公立,B,A,新北市,E,54,54,18
13336,市立中和高中,B,1,3,9,補強-歷史,,,1,1,1,1,公立,B,A,新北市,E,54,54,18
13336,市立中和高中,A,1,3,0A,補強-地理,,,1,1,1,1,公立,B,A,新北市,E,54,54,18
13336,市立中和高中,B,1,3,0A,補強-地理,,,1,1,1,1,公立,B,A,新北市,E,54,54,18
13336,市立中和高中,A,1,3,0B,補強-公民與社會,,,1,1,1,1,公立,B,A,新北市,E,54,54,18
13336,市立中和高中,B,1,3,0B,補強-公民與社會,,,1,1,1,1,公立,B,A,新北市,E,54,54,18
13336,市立中和高中,D,1,4,0C,補強-物理,,,,,2,2,公立,B,A,新北市,E,54,54,18
13336,市立中和高中,C,1,4,0C,補強-物理,,,1,1,1,1,公立,B,A,新北市,E,54,54,18
13336,市立中和高中,D,1,4,0D,補強-化學,,,,,2,2,公立,B,A,新北市,E,54,54,18
13336,市立中和高中,C,1,4,0D,補強-化學,,,1,1,1,1,公立,B,A,新北市,E,54,54,18
13336,市立中和高中,D,1,4,0E,補強-生物,,,,,2,2,公立,B,A,新北市,E,54,54,18
13336,市立中和高中,C,1,4,0F,補強-地球科學,,,1,1,1,1,公立,B,A,新北市,E,54,54,18
13434,市立淡水商工,A,1,1,1,補強-國語文,,,1,1,1,1,公立,B,A,新北市,C,84,12,4
13434,市立淡水商工,A,1,1,2,補強-英語文,,,1,1,1,1,公立,B,A,新北市,C,84,12,4
13434,市立淡水商工,A,1,2,3,補強-數學,,,1,1,1,1,公立,B,A,新北市,C,84,12,4
13434,市立淡水商工,A,1,3,9,補強-歷史,,,1,1,1,1,公立,B,A,新北市,C,84,12,4
13434,市立淡水商工,A,1,3,0A,補強-地理,,,1,1,1,1,公立,B,A,新北市,C,84,12,4
14326,市立明德高中,A,1,1,1,補強-國語文,,,1,1,,,公立,B,B,新北市,D,60,36,10
14326,市立明德高中,B,1,1,1,補強-國語文,,,1,1,,,公立,B,B,新北市,D,60,36,10
14326,市立明德高中,A,1,1,2,補強-英語文,,,1,1,,,公立,B,B,新北市,D,60,36,10
14326,市立明德高中,D,1,1,2,補強-英語文,,,,,1,1,公立,B,B,新北市,D,60,36,10
14326,市立明德高中,B,1,1,2,補強-英語文,,,1,1,,,公立,B,B,新北市,D,60,36,10
14326,市立明德高中,C,1,2,3,補強-數學,,,,,1,1,公立,B,B,新北市,D,60,36,10
14326,市立明德高中,A,1,2,3,補強-數學,,,1,1,,,公立,B,B,新北市,D,60,36,10
14326,市立明德高中,D,1,2,3,補強-數學,,,,,1,1,公立,B,B,新北市,D,60,36,10
14326,市立明德高中,T,1,2,3,補強-數學,,,1,1,,,公立,B,B,新北市,D,60,36,10
14326,市立明德高中,A,1,3,9,補強-歷史,,,1,1,,,公立,B,B,新北市,D,60,36,10
14326,市立明德高中,B,1,3,9,補強-歷史,,,1,1,,,公立,B,B,新北市,D,60,36,10
14326,市立明德高中,A,1,3,0A,補強-地理,,,1,1,,,公立,B,B,新北市,D,60,36,10
14326,市立明德高中,B,1,3,0A,補強-地理,,,1,1,,,公立,B,B,新北市,D,60,36,10
14326,市立明德高中,A,1,3,0B,補強-公民與社會,,,1,1,,,公立,B,B,新北市,D,60,36,10
14326,市立明德高中,B,1,3,0B,補強-公民與社會,,,1,1,,,公立,B,B,新北市,D,60,36,10
14326,市立明德高中,C,1,4,0C,補強-物理,,,,,1,1,公立,B,B,新北市,D,60,36,10
14326,市立明德高中,D,1,4,0C,補強-物理,,,,,1,1,公立,B,B,新北市,D,60,36,10
14326,市立明德高中,C,1,4,0D,補強-化學,,,,,1,1,公立,B,B,新北市,D,60,36,10
14326,市立明德高中,D,1,4,0D,補強-化學,,,,,1,1,公立,B,B,新北市,D,60,36,10
14326,市立明德高中,D,1,4,0E,補強-生物,,,,,1,1,公立,B,B,新北市,D,60,36,10
14326,市立明德高中,B,1,5,0V,補強-美術,,,1,1,,,公立,B,B,新北市,D,60,36,10
14326,市立明德高中,A,1,7,13,補強-資訊科技,,,1,1,,,公立,B,B,新北市,D,60,36,10
14353,市立丹鳳高中,A,1,1,2,補強-英語文,2,2,,,,,公立,B,A,新北市,D,99,27,8
14353,市立丹鳳高中,D,1,1,2,補強-英語文,2,2,,,,,公立,B,A,新北市,D,99,27,8
14353,市立丹鳳高中,B,1,1,2,補強-英語文,2,2,,,,,公立,B,A,新北市,D,99,27,8
14353,市立丹鳳高中,S,1,1,2,補強-英語文,2,2,,,,,公立,B,A,新北市,D,99,27,8
14353,市立丹鳳高中,C,1,1,2,補強-英語文,2,2,,,,,公立,B,A,新北市,D,99,27,8
14353,市立丹鳳高中,A,1,2,3,補強-數學,2,2,,,,,公立,B,A,新北市,D,99,27,8
14353,市立丹鳳高中,D,1,2,3,補強-數學,2,2,,,,,公立,B,A,新北市,D,99,27,8
14353,市立丹鳳高中,B,1,2,3,補強-數學,2,2,,,,,公立,B,A,新北市,D,99,27,8
14353,市立丹鳳高中,S,1,2,3,補強-數學,2,2,,,,,公立,B,A,新北市,D,99,27,8
14353,市立丹鳳高中,C,1,2,3,補強-數學,2,2,,,,,公立,B,A,新北市,D,99,27,8
14353,市立丹鳳高中,A,1,4,0C,補強-物理,2,2,,,,,公立,B,A,新北市,D,99,27,8
14353,市立丹鳳高中,D,1,4,0C,補強-物理,2,2,,,,,公立,B,A,新北市,D,99,27,8
14353,市立丹鳳高中,B,1,4,0C,補強-物理,2,2,,,,,公立,B,A,新北市,D,99,27,8
14353,市立丹鳳高中,S,1,4,0C,補強-物理,2,2,,,,,公立,B,A,新北市,D,99,27,8
14353,市立丹鳳高中,C,1,4,0C,補強-物理,2,2,,,,,公立,B,A,新北市,D,99,27,8
14353,市立丹鳳高中,A,1,4,0F,補強-地球科學,2,2,,,,,公立,B,A,新北市,D,99,27,8
14353,市立丹鳳高中,D,1,4,0F,補強-地球科學,2,2,,,,,公立,B,A,新北市,D,99,27,8
14353,市立丹鳳高中,B,1,4,0F,補強-地球科學,2,2,,,,,公立,B,A,新北市,D,99,27,8
14353,市立丹鳳高中,S,1,4,0F,補強-地球科學,2,2,,,,,公立,B,A,新北市,D,99,27,8
14353,市立丹鳳高中,C,1,4,0F,補強-地球科學,2,2,,,,,公立,B,A,新北市,D,99,27,8
14356,市立清水高中,C,1,3,9,補強-歷史,,,,,2,,公立,B,A,新北市,D,93,39,11
14356,市立清水高中,D,1,3,9,補強-歷史,,,,,2,,公立,B,A,新北市,D,93,39,11
14356,市立清水高中,C,1,3,0A,補強-地理,,,,,2,,公立,B,A,新北市,D,93,39,11
14356,市立清水高中,D,1,3,0A,補強-地理,,,,,2,,公立,B,A,新北市,D,93,39,11
14356,市立清水高中,C,1,3,0B,補強-公民與社會,,,,,2,,公立,B,A,新北市,D,93,39,11
14356,市立清水高中,D,1,3,0B,補強-公民與社會,,,,,2,,公立,B,A,新北市,D,93,39,11
14356,市立清水高中,A,1,4,0C,補強-物理,,,2,,,,公立,B,A,新北市,D,93,39,11
14356,市立清水高中,B,1,4,0C,補強-物理,,,2,,,,公立,B,A,新北市,D,93,39,11
14356,市立清水高中,A,1,4,0D,補強-化學,,,,2,,,公立,B,A,新北市,D,93,39,11
14356,市立清水高中,B,1,4,0D,補強-化學,,,,2,,,公立,B,A,新北市,D,93,39,11
14356,市立清水高中,A,1,4,0E,補強-生物,,,,,1,,公立,B,A,新北市,D,93,39,11
14356,市立清水高中,B,1,4,0E,補強-生物,,,,,1,,公立,B,A,新北市,D,93,39,11
14356,市立清水高中,A,1,4,0F,補強-地球科學,,,,,1,,公立,B,A,新北市,D,93,39,11
14356,市立清水高中,B,1,4,0F,補強-地球科學,,,,,1,,公立,B,A,新北市,D,93,39,11
14362,市立錦和高中,A,1,1,1,補強-國語文,,,,,1,1,公立,B,A,新北市,D,88,30,9
14362,市立錦和高中,B,1,1,1,補強-國語文,,,,,1,1,公立,B,A,新北市,D,88,30,9
14362,市立錦和高中,A,1,1,2,補強-英語文,,,,,1,1,公立,B,A,新北市,D,88,30,9
14362,市立錦和高中,B,1,1,2,補強-英語文,,,,,1,1,公立,B,A,新北市,D,88,30,9
14362,市立錦和高中,A,1,2,3,補強-數學,,,,,1,1,公立,B,A,新北市,D,88,30,9
14362,市立錦和高中,B,1,2,3,補強-數學,,,,,1,1,公立,B,A,新北市,D,88,30,9
14364,市立竹圍高中,B,1,3,9,補強-歷史,,,1,1,1,1,公立,B,A,新北市,C,42,21,6
14364,市立竹圍高中,A,1,3,9,補強-歷史,,,1,1,1,1,公立,B,A,新北市,C,42,21,6
14364,市立竹圍高中,B,1,3,0A,補強-地理,,,1,1,1,1,公立,B,A,新北市,C,42,21,6
14364,市立竹圍高中,A,1,3,0A,補強-地理,,,1,1,1,1,公立,B,A,新北市,C,42,21,6
14364,市立竹圍高中,B,1,3,0B,補強-公民與社會,,,1,1,1,1,公立,B,A,新北市,C,42,21,6
14364,市立竹圍高中,A,1,3,0B,補強-公民與社會,,,1,1,1,1,公立,B,A,新北市,C,42,21,6
14364,市立竹圍高中,B,1,4,0C,補強-物理,,,1,1,1,1,公立,B,A,新北市,C,42,21,6
14364,市立竹圍高中,A,1,4,0C,補強-物理,,,1,1,1,1,公立,B,A,新北市,C,42,21,6
14364,市立竹圍高中,B,1,4,0D,補強-化學,,,1,1,1,1,公立,B,A,新北市,C,42,21,6
14364,市立竹圍高中,A,1,4,0D,補強-化學,,,1,1,1,1,公立,B,A,新北市,C,42,21,6
20302,國立宜蘭高中,A,1,1,2,補強-英語文,,,,,2,,公立,A,A,宜蘭縣,D,44,44,11
20302,國立宜蘭高中,C,1,2,3,補強-數學,,,,,1,1,公立,A,A,宜蘭縣,D,44,44,11
20302,國立宜蘭高中,B,1,4,0C,補強-物理,,,,,1,1,公立,A,A,宜蘭縣,D,44,44,11
21301,私立慧燈高中,B,1,1,1,補強-國語文,,,,,2,,私立,D,A,宜蘭縣,D,50,20,7
21301,私立慧燈高中,B,1,1,2,補強-英語文,,,,,2,,私立,D,A,宜蘭縣,D,50,20,7
21301,私立慧燈高中,B,1,2,3,補強-數學,,,,,2,,私立,D,A,宜蘭縣,D,50,20,7
21301,私立慧燈高中,A,1,3,9,補強-歷史,,,2,2,,,私立,D,A,宜蘭縣,D,50,20,7
21301,私立慧燈高中,A,1,3,0A,補強-地理,,,2,2,,,私立,D,A,宜蘭縣,D,50,20,7
21301,私立慧燈高中,A,1,3,0B,補強-公民與社會,,,2,2,,,私立,D,A,宜蘭縣,D,50,20,7
21301,私立慧燈高中,B,1,4,0C,補強-物理,,,,2,,,私立,D,A,宜蘭縣,D,50,20,7
21301,私立慧燈高中,B,1,4,0D,補強-化學,,,,2,,,私立,D,A,宜蘭縣,D,50,20,7
21310,私立中道高中,A,1,1,2,補強-英語文,1,,,1,,,私立,D,A,宜蘭縣,B,17,8,2
21310,私立中道高中,B,1,1,2,補強-英語文,1,,1,,,,私立,D,A,宜蘭縣,B,17,8,2
21310,私立中道高中,A,1,2,3,補強-數學,1,,,1,,,私立,D,A,宜蘭縣,B,17,8,2
21310,私立中道高中,B,1,2,3,補強-數學,1,,1,,,,私立,D,A,宜蘭縣,B,17,8,2
31312,桃園市治平高中,A,1,1,2,補強-英語文,,,,,2,3,私立,D,A,桃園市,D,161,23,7
31312,桃園市治平高中,B,1,1,2,補強-英語文,,,,,,3,私立,D,A,桃園市,D,161,23,7
31312,桃園市治平高中,C,1,1,2,補強-英語文,,,,,,3,私立,D,A,桃園市,D,161,23,7
31312,桃園市治平高中,A,1,2,3,補強-數學,,,,,,4,私立,D,A,桃園市,D,161,23,7
31312,桃園市治平高中,B,1,2,3,補強-數學,,,,,,3,私立,D,A,桃園市,D,161,23,7
31312,桃園市治平高中,C,1,2,3,補強-數學,,,,,,3,私立,D,A,桃園市,D,161,23,7
31312,桃園市治平高中,A,1,3,9,補強-歷史,,,,,,3,私立,D,A,桃園市,D,161,23,7
31312,桃園市治平高中,A,1,3,0A,補強-地理,,,,,,3,私立,D,A,桃園市,D,161,23,7
31312,桃園市治平高中,A,1,3,0B,補強-公民與社會,,,,,,3,私立,D,A,桃園市,D,161,23,7
31312,桃園市治平高中,B,1,4,0C,補強-物理,,,,2,,,私立,D,A,桃園市,D,161,23,7
31312,桃園市治平高中,C,1,4,0C,補強-物理,,,,2,,,私立,D,A,桃園市,D,161,23,7
31312,桃園市治平高中,B,1,4,0D,補強-化學,,,,2,,,私立,D,A,桃園市,D,161,23,7
31312,桃園市治平高中,C,1,4,0D,補強-化學,,,,2,,,私立,D,A,桃園市,D,161,23,7
31312,桃園市治平高中,B,1,4,0E,補強-生物,,,,2,,,私立,D,A,桃園市,D,161,23,7
31312,桃園市治平高中,C,1,4,0E,補強-生物,,,,2,,,私立,D,A,桃園市,D,161,23,7
31312,桃園市治平高中,B,1,4,0F,補強-地球科學,,,,,2,,私立,D,A,桃園市,D,161,23,7
31312,桃園市治平高中,C,1,4,0F,補強-地球科學,,,,,1,,私立,D,A,桃園市,D,161,23,7
31312,桃園市治平高中,A,1,7,12,補強-生活科技,,,,,,3,私立,D,A,桃園市,D,161,23,7
31318,桃園市啟英高中,A,1,1,2,補強-英語文,,2,,,2,2,私立,D,A,桃園市,B,153,11,3
31318,桃園市啟英高中,B,1,1,2,補強-英語文,,2,,,2,2,私立,D,A,桃園市,B,153,11,3
31318,桃園市啟英高中,A,1,2,3,補強-數學,,,,,2,2,私立,D,A,桃園市,B,153,11,3
31318,桃園市啟英高中,B,1,3,9,補強-歷史,,,2,2,,,私立,D,A,桃園市,B,153,11,3
31318,桃園市啟英高中,B,1,3,0A,補強-地理,,,,,2,2,私立,D,A,桃園市,B,153,11,3
31318,桃園市啟英高中,B,1,3,0B,補強-公民與社會,,,2,,,2,私立,D,A,桃園市,B,153,11,3
31318,桃園市啟英高中,A,1,4,0C,補強-物理,,2,,,,,私立,D,A,桃園市,B,153,11,3
31318,桃園市啟英高中,A,1,4,0E,補強-生物,,,2,,2,2,私立,D,A,桃園市,B,153,11,3
33306,市立武陵高中,A,1,2,3,補強-數學,,,,,2,,公立,B,A,桃園市,E,63,63,17
34319,市立平鎮高中,A,1,1,2,補強-英語文,,,,,2,,公立,B,A,桃園市,E,48,48,13
34319,市立平鎮高中,B,1,1,2,補強-英語文,,,,,2,2,公立,B,A,桃園市,E,48,48,13
34319,市立平鎮高中,C,1,1,2,補強-英語文,,,,,2,2,公立,B,A,桃園市,E,48,48,13
34319,市立平鎮高中,A,1,2,3,補強-數學,,,,,2,2,公立,B,A,桃園市,E,48,48,13
34319,市立平鎮高中,B,1,2,3,補強-數學,,,,,2,2,公立,B,A,桃園市,E,48,48,13
34319,市立平鎮高中,C,1,2,3,補強-數學,,,,,2,2,公立,B,A,桃園市,E,48,48,13
34319,市立平鎮高中,A,1,3,9,補強-歷史,,,,,,2,公立,B,A,桃園市,E,48,48,13
34319,市立平鎮高中,A,1,3,0A,補強-地理,,,,,,2,公立,B,A,桃園市,E,48,48,13
34319,市立平鎮高中,A,1,4,0C,補強-物理,,,,,,2,公立,B,A,桃園市,E,48,48,13
34319,市立平鎮高中,B,1,4,0C,補強-物理,,,,,,2,公立,B,A,桃園市,E,48,48,13
34319,市立平鎮高中,C,1,4,0C,補強-物理,,,,,,2,公立,B,A,桃園市,E,48,48,13
34319,市立平鎮高中,A,1,4,0D,補強-化學,,,,,,2,公立,B,A,桃園市,E,48,48,13
34319,市立平鎮高中,B,1,4,0D,補強-化學,,,,,,2,公立,B,A,桃園市,E,48,48,13
34319,市立平鎮高中,C,1,4,0D,補強-化學,,,,,,2,公立,B,A,桃園市,E,48,48,13
41305,私立忠信高中,A,1,1,2,補強-英語文,,,,,1,,私立,D,A,新竹縣,B,23,4,3
41305,私立忠信高中,B,1,1,2,補強-英語文,,,,,1,,私立,D,A,新竹縣,B,23,4,3
41305,私立忠信高中,A,1,2,3,補強-數學,,,,,1,,私立,D,A,新竹縣,B,23,4,3
41305,私立忠信高中,B,1,2,3,補強-數學,,,,,1,,私立,D,A,新竹縣,B,23,4,3
41305,私立忠信高中,B,1,4,0C,補強-物理,,,,,1,,私立,D,A,新竹縣,B,23,4,3
41305,私立忠信高中,B,1,4,0D,補強-化學,,,,,1,,私立,D,A,新竹縣,B,23,4,3
60322,國立興大附中,A,1,1,2,補強-英語文,,,1,1,,,公立,A,A,臺中市,E,42,42,13
60322,國立興大附中,B,1,2,3,補強-數學,,,,,1,1,公立,A,A,臺中市,E,42,42,13
60322,國立興大附中,B,1,4,0C,補強-物理,,,,,1,1,公立,A,A,臺中市,E,42,42,13
60322,國立興大附中,B,1,4,0D,補強-化學,,,,,1,1,公立,A,A,臺中市,E,42,42,13
60323,國立中科實驗高級中學,A,1,2,3,補強-數學,,,,1,,,公立,A,A,臺中市,C,27,15,4
61301,財團法人常春藤高中,A,1,3,9,補強-歷史,,,,,1,,私立,D,A,臺中市,C,22,10,4
61301,財團法人常春藤高中,A,1,3,0A,補強-地理,,,,,,1,私立,D,A,臺中市,C,22,10,4
61301,財團法人常春藤高中,B,1,4,0C,補強-物理,,,,,,2,私立,D,A,臺中市,C,22,10,4
61301,財團法人常春藤高中,B,1,4,0D,補強-化學,,,,,,2,私立,D,A,臺中市,C,22,10,4
61301,財團法人常春藤高中,B,1,4,0E,補強-生物,,,,,,2,私立,D,A,臺中市,C,22,10,4
61301,財團法人常春藤高中,B,1,4,0F,補強-地球科學,,,,,,2,私立,D,A,臺中市,C,22,10,4
61313,私立明道高中,D,1,1,1,補強-國語文,,,,,,1,私立,D,A,臺中市,D,153,32,12
61313,私立明道高中,C,1,1,1,補強-國語文,,,,,,1,私立,D,A,臺中市,D,153,32,12
61313,私立明道高中,A,1,2,3,補強-數學,,,,,1,,私立,D,A,臺中市,D,153,32,12
61313,私立明道高中,B,1,2,3,補強-數學,,,,,1,,私立,D,A,臺中市,D,153,32,12
61313,私立明道高中,A,1,3,9,補強-歷史,,,,,,1,私立,D,A,臺中市,D,153,32,12
61313,私立明道高中,B,1,3,9,補強-歷史,,,,,,1,私立,D,A,臺中市,D,153,32,12
61313,私立明道高中,A,1,3,0A,補強-地理,,,,,,1,私立,D,A,臺中市,D,153,32,12
61313,私立明道高中,B,1,3,0A,補強-地理,,,,,,1,私立,D,A,臺中市,D,153,32,12
61313,私立明道高中,A,1,3,0B,補強-公民與社會,,,,,,2,私立,D,A,臺中市,D,153,32,12
61313,私立明道高中,B,1,3,0B,補強-公民與社會,,,,,,2,私立,D,A,臺中市,D,153,32,12
61317,私立弘文高中,A,1,1,1,補強-國語文,,,,2,2,2,私立,D,A,臺中市,D,59,35,12
61317,私立弘文高中,B,1,1,1,補強-國語文,,,,2,2,2,私立,D,A,臺中市,D,59,35,12
61317,私立弘文高中,C,1,1,1,補強-國語文,,,,2,2,2,私立,D,A,臺中市,D,59,35,12
61317,私立弘文高中,D,1,1,1,補強-國語文,,,,2,2,2,私立,D,A,臺中市,D,59,35,12
61317,私立弘文高中,A,1,1,2,補強-英語文,,,,2,2,2,私立,D,A,臺中市,D,59,35,12
61317,私立弘文高中,B,1,1,2,補強-英語文,,,,2,2,2,私立,D,A,臺中市,D,59,35,12
61317,私立弘文高中,C,1,1,2,補強-英語文,,,,2,2,2,私立,D,A,臺中市,D,59,35,12
61317,私立弘文高中,D,1,1,2,補強-英語文,,,,2,2,2,私立,D,A,臺中市,D,59,35,12
61317,私立弘文高中,A,1,2,3,補強-數學,,,,2,2,2,私立,D,A,臺中市,D,59,35,12
61317,私立弘文高中,B,1,2,3,補強-數學,,,,2,2,2,私立,D,A,臺中市,D,59,35,12
61317,私立弘文高中,C,1,2,3,補強-數學,,,,2,2,2,私立,D,A,臺中市,D,59,35,12
61317,私立弘文高中,D,1,2,3,補強-數學,,,,2,2,2,私立,D,A,臺中市,D,59,35,12
61317,私立弘文高中,A,1,3,9,補強-歷史,,,,2,2,2,私立,D,A,臺中市,D,59,35,12
61317,私立弘文高中,B,1,3,9,補強-歷史,,,,2,2,2,私立,D,A,臺中市,D,59,35,12
61317,私立弘文高中,A,1,3,0A,補強-地理,,,,2,2,2,私立,D,A,臺中市,D,59,35,12
61317,私立弘文高中,B,1,3,0A,補強-地理,,,,2,2,2,私立,D,A,臺中市,D,59,35,12
61317,私立弘文高中,A,1,3,0B,補強-公民與社會,,,,2,2,2,私立,D,A,臺中市,D,59,35,12
61317,私立弘文高中,B,1,3,0B,補強-公民與社會,,,,2,2,2,私立,D,A,臺中市,D,59,35,12
61317,私立弘文高中,C,1,4,0C,補強-物理,,,,2,2,2,私立,D,A,臺中市,D,59,35,12
61317,私立弘文高中,D,1,4,0C,補強-物理,,,,2,2,2,私立,D,A,臺中市,D,59,35,12
61317,私立弘文高中,C,1,4,0D,補強-化學,,,,2,2,2,私立,D,A,臺中市,D,59,35,12
61317,私立弘文高中,D,1,4,0D,補強-化學,,,,2,2,2,私立,D,A,臺中市,D,59,35,12
61317,私立弘文高中,D,1,4,0E,補強-生物,,,,2,2,2,私立,D,A,臺中市,D,59,35,12
70304,國立員林高中,B,1,1,1,補強-國語文,,,,1,,,公立,A,A,彰化縣,E,51,51,16
70304,國立員林高中,B,1,1,2,補強-英語文,,,,1,,,公立,A,A,彰化縣,E,51,51,16
70304,國立員林高中,B,1,2,3,補強-數學,,,,1,4,4,公立,A,A,彰化縣,E,51,51,16
70304,國立員林高中,B,1,3,9,補強-歷史,,,,1,,,公立,A,A,彰化縣,E,51,51,16
70304,國立員林高中,B,1,3,0A,補強-地理,,,,1,,,公立,A,A,彰化縣,E,51,51,16
70304,國立員林高中,B,1,3,0B,補強-公民與社會,,,,1,,,公立,A,A,彰化縣,E,51,51,16
70316,國立鹿港高中,A,1,1,1,補強-國語文,,,1,1,,,公立,A,A,彰化縣,C,47,14,4
70316,國立鹿港高中,A,1,1,2,補強-英語文,,,2,2,,,公立,A,A,彰化縣,C,47,14,4
70316,國立鹿港高中,A,1,2,3,補強-數學,,,2,2,,,公立,A,A,彰化縣,C,47,14,4
70316,國立鹿港高中,A,1,3,9,補強-歷史,,,2,2,,,公立,A,A,彰化縣,C,47,14,4
70316,國立鹿港高中,A,1,3,0A,補強-地理,,,2,2,,,公立,A,A,彰化縣,C,47,14,4
70316,國立鹿港高中,A,1,3,0B,補強-公民與社會,,,1,1,,,公立,A,A,彰化縣,C,47,14,4
71311,私立精誠高中,B,1,1,2,補強-英語文,,,,,2,2,私立,D,A,彰化縣,D,69,30,10
71311,私立精誠高中,A,1,1,2,補強-英語文,,,,,2,2,私立,D,A,彰化縣,D,69,30,10
71318,財團法人正德高中,A,1,1,2,補強-英語文,,,,,,2,私立,D,A,彰化縣,B,27,9,3
71318,財團法人正德高中,B,1,1,2,補強-英語文,,,,,,2,私立,D,A,彰化縣,B,27,9,3
80302,國立南投高中,S,1,1,1,補強-國語文,,,,,1,1,公立,A,A,南投縣,C,45,24,6
80302,國立南投高中,A,1,1,1,補強-國語文,,,1,1,1,1,公立,A,A,南投縣,C,45,24,6
80302,國立南投高中,B,1,1,1,補強-國語文,,,,,1,1,公立,A,A,南投縣,C,45,24,6
80302,國立南投高中,S,1,1,2,補強-英語文,,,,,1,1,公立,A,A,南投縣,C,45,24,6
80302,國立南投高中,A,1,1,2,補強-英語文,,,,1,1,1,公立,A,A,南投縣,C,45,24,6
80302,國立南投高中,B,1,1,2,補強-英語文,,,,,1,1,公立,A,A,南投縣,C,45,24,6
80302,國立南投高中,S,1,2,3,補強-數學,,,,,1,1,公立,A,A,南投縣,C,45,24,6
80302,國立南投高中,A,1,2,3,補強-數學,,,,1,1,1,公立,A,A,南投縣,C,45,24,6
80302,國立南投高中,B,1,2,3,補強-數學,,,,,1,1,公立,A,A,南投縣,C,45,24,6
80302,國立南投高中,S,1,4,0C,補強-物理,,,,,1,,公立,A,A,南投縣,C,45,24,6
80302,國立南投高中,B,1,4,0C,補強-物理,,,,,1,,公立,A,A,南投縣,C,45,24,6
80302,國立南投高中,S,1,4,0D,補強-化學,,,,,1,,公立,A,A,南投縣,C,45,24,6
80302,國立南投高中,B,1,4,0D,補強-化學,,,,,1,,公立,A,A,南投縣,C,45,24,6
80302,國立南投高中,S,1,4,0E,補強-生物,,,,,1,,公立,A,A,南投縣,C,45,24,6
80302,國立南投高中,B,1,4,0E,補強-生物,,,,,1,,公立,A,A,南投縣,C,45,24,6
80302,國立南投高中,S,1,4,0F,補強-地球科學,,,,,1,,公立,A,A,南投縣,C,45,24,6
80302,國立南投高中,B,1,4,0F,補強-地球科學,,,,,1,,公立,A,A,南投縣,C,45,24,6
80305,國立中興高中,A,1,2,3,補強-數學,,,,,2,2,公立,A,A,南投縣,D,41,33,9
80305,國立中興高中,B,1,2,3,補強-數學,,,,,2,2,公立,A,A,南投縣,D,41,33,9
80305,國立中興高中,C,1,2,3,補強-數學,,,,,2,2,公立,A,A,南投縣,D,41,33,9
81313,私立弘明實驗高中,S,1,1,2,補強-英語文,1,1,1,1,1,,私立,D,A,南投縣,A,9,3,1
81313,私立弘明實驗高中,S,1,2,3,補強-數學,1,1,1,1,1,,私立,D,A,南投縣,A,9,3,1
81313,私立弘明實驗高中,A,1,2,3,補強-數學,,,,,2,,私立,D,A,南投縣,A,9,3,1
81313,私立弘明實驗高中,S,1,4,0C,補強-物理,,,1,1,1,1,私立,D,A,南投縣,A,9,3,1
81313,私立弘明實驗高中,S,1,4,0D,補強-化學,,,1,1,1,1,私立,D,A,南投縣,A,9,3,1
90305,國立斗六高中,A,1,1,2,補強-英語文,,,,2,,,公立,A,A,雲林縣,E,48,48,13
90305,國立斗六高中,A,1,2,3,補強-數學,,,,2,,,公立,A,A,雲林縣,E,48,48,13
90305,國立斗六高中,A,1,3,9,補強-歷史,,,,2,,,公立,A,A,雲林縣,E,48,48,13
90305,國立斗六高中,A,1,3,0A,補強-地理,,,,2,,,公立,A,A,雲林縣,E,48,48,13
90305,國立斗六高中,A,1,3,0B,補強-公民與社會,,,,2,,,公立,A,A,雲林縣,E,48,48,13
91319,福智高中,T,1,1,2,補強-英語文,,,,2,2,2,私立,D,A,雲林縣,B,20,10,3
91319,福智高中,S,1,1,2,補強-英語文,,,,2,2,2,私立,D,A,雲林縣,B,20,10,3
91319,福智高中,B,1,1,2,補強-英語文,,,,2,2,2,私立,D,A,雲林縣,B,20,10,3
91319,福智高中,A,1,1,2,補強-英語文,,,,2,2,2,私立,D,A,雲林縣,B,20,10,3
91319,福智高中,T,1,2,3,補強-數學,,,,,4,4,私立,D,A,雲林縣,B,20,10,3
91319,福智高中,S,1,2,3,補強-數學,,,,,4,4,私立,D,A,雲林縣,B,20,10,3
91319,福智高中,B,1,2,3,補強-數學,,,,,4,4,私立,D,A,雲林縣,B,20,10,3
91319,福智高中,A,1,2,3,補強-數學,,,,,4,4,私立,D,A,雲林縣,B,20,10,3
91319,福智高中,T,1,4,0C,補強-物理,,,,2,2,2,私立,D,A,雲林縣,B,20,10,3
91319,福智高中,B,1,4,0C,補強-物理,,,,2,2,2,私立,D,A,雲林縣,B,20,10,3
91319,福智高中,T,1,4,0D,補強-化學,,,,2,2,2,私立,D,A,雲林縣,B,20,10,3
91319,福智高中,B,1,4,0D,補強-化學,,,,2,2,2,私立,D,A,雲林縣,B,20,10,3
91319,福智高中,T,1,4,0E,補強-生物,,,,,2,2,私立,D,A,雲林縣,B,20,10,3
91319,福智高中,B,1,4,0E,補強-生物,,,,,2,2,私立,D,A,雲林縣,B,20,10,3
91320,雲林縣維多利亞實驗高中,B,1,1,1,補強-國語文,,,,,2,2,私立,D,A,雲林縣,B,13,6,2
91320,雲林縣維多利亞實驗高中,B,1,1,2,補強-英語文,,,,,2,2,私立,D,A,雲林縣,B,13,6,2
91320,雲林縣維多利亞實驗高中,A,1,2,3,補強-數學,,,,,2,2,私立,D,A,雲林縣,B,13,6,2
94301,縣立斗南高中,A,1,1,2,補強-英語文,,,,,1,1,公立,C,A,雲林縣,C,43,18,5
94301,縣立斗南高中,B,1,1,2,補強-英語文,,,,,1,1,公立,C,A,雲林縣,C,43,18,5
94301,縣立斗南高中,B,1,3,9,補強-歷史,,,1,1,1,1,公立,C,A,雲林縣,C,43,18,5
94307,縣立麥寮高中,A,1,2,3,補強-數學,2,2,2,2,,,公立,C,C,雲林縣,C,45,15,4
94307,縣立麥寮高中,B,1,2,3,補強-數學,2,2,2,2,,,公立,C,C,雲林縣,C,45,15,4
94307,縣立麥寮高中,B,1,4,0C,補強-物理,2,2,2,2,,,公立,C,C,雲林縣,C,45,15,4
94307,縣立麥寮高中,B,1,4,0D,補強-化學,2,2,2,2,,,公立,C,C,雲林縣,C,45,15,4
100301,國立東石高中,A,1,2,3,補強-數學,,,,,1,1,公立,A,A,嘉義縣,C,38,12,4
101303,私立同濟高中,A,1,1,1,補強-國語文,,,1,1,1,1,私立,D,A,嘉義縣,A,11,3,1
101303,私立同濟高中,B,1,1,1,補強-國語文,,,1,1,1,1,私立,D,A,嘉義縣,A,11,3,1
101303,私立同濟高中,A,1,1,2,補強-英語文,,,1,1,1,1,私立,D,A,嘉義縣,A,11,3,1
101303,私立同濟高中,B,1,1,2,補強-英語文,,,1,1,1,1,私立,D,A,嘉義縣,A,11,3,1
101303,私立同濟高中,A,1,2,3,補強-數學,,,1,1,,,私立,D,A,嘉義縣,A,11,3,1
101303,私立同濟高中,B,1,2,3,補強-數學,,,1,1,,,私立,D,A,嘉義縣,A,11,3,1
101303,私立同濟高中,A,1,3,9,補強-歷史,,,1,1,,,私立,D,A,嘉義縣,A,11,3,1
101303,私立同濟高中,B,1,3,9,補強-歷史,,,1,1,,,私立,D,A,嘉義縣,A,11,3,1
101303,私立同濟高中,A,1,3,0A,補強-地理,,,1,1,,,私立,D,A,嘉義縣,A,11,3,1
101303,私立同濟高中,B,1,3,0A,補強-地理,,,1,1,,,私立,D,A,嘉義縣,A,11,3,1
101303,私立同濟高中,A,1,3,0B,補強-公民與社會,,,1,1,,,私立,D,A,嘉義縣,A,11,3,1
101303,私立同濟高中,B,1,3,0B,補強-公民與社會,,,1,1,,,私立,D,A,嘉義縣,A,11,3,1
101303,私立同濟高中,A,1,4,0C,補強-物理,,,1,1,,,私立,D,A,嘉義縣,A,11,3,1
101303,私立同濟高中,B,1,4,0C,補強-物理,,,1,1,,,私立,D,A,嘉義縣,A,11,3,1
101303,私立同濟高中,A,1,4,0D,補強-化學,,,1,1,,,私立,D,A,嘉義縣,A,11,3,1
101303,私立同濟高中,B,1,4,0D,補強-化學,,,1,1,,,私立,D,A,嘉義縣,A,11,3,1
110314,國立後壁高中,A,1,1,1,補強-國語文,,,,,1,1,公立,A,C,臺南市,B,30,6,2
110314,國立後壁高中,B,1,1,1,補強-國語文,,,,,1,1,公立,A,C,臺南市,B,30,6,2
110314,國立後壁高中,A,1,1,2,補強-英語文,,,,,1,1,公立,A,C,臺南市,B,30,6,2
110314,國立後壁高中,B,1,1,2,補強-英語文,,,,,1,1,公立,A,C,臺南市,B,30,6,2
110314,國立後壁高中,A,1,2,3,補強-數學,,,,,1,1,公立,A,C,臺南市,B,30,6,2
110314,國立後壁高中,B,1,2,3,補強-數學,,,,,1,1,公立,A,C,臺南市,B,30,6,2
110315,國立善化高中,A,1,1,2,補強-英語文,,,1,1,,2,公立,A,A,臺南市,D,30,30,9
110315,國立善化高中,B,1,1,2,補強-英語文,,,1,1,,2,公立,A,A,臺南市,D,30,30,9
110315,國立善化高中,C,1,1,2,補強-英語文,,,1,1,,2,公立,A,A,臺南市,D,30,30,9
110315,國立善化高中,A,1,2,3,補強-數學,,,,,2,2,公立,A,A,臺南市,D,30,30,9
110315,國立善化高中,B,1,2,3,補強-數學,,,,,2,2,公立,A,A,臺南市,D,30,30,9
110315,國立善化高中,C,1,2,3,補強-數學,,,,,2,2,公立,A,A,臺南市,D,30,30,9
110315,國立善化高中,B,1,4,0C,補強-物理,,,,1,,,公立,A,A,臺南市,D,30,30,9
110315,國立善化高中,B,1,4,0D,補強-化學,,,1,,,,公立,A,A,臺南市,D,30,30,9
111313,私立南光高中,B,1,1,2,補強-英語文,,,,,,1,私立,D,A,臺南市,D,42,23,8
111313,私立南光高中,A,1,2,3,補強-數學,,,,,1,,私立,D,A,臺南市,D,42,23,8
130305,國立屏東高中,A,1,1,1,補強-國語文,1,1,,,,,公立,A,A,屏東縣,E,57,57,16
130305,國立屏東高中,B,1,1,1,補強-國語文,1,1,1,1,,,公立,A,A,屏東縣,E,57,57,16
130305,國立屏東高中,C,1,1,1,補強-國語文,1,1,1,1,,,公立,A,A,屏東縣,E,57,57,16
130305,國立屏東高中,B,1,1,2,補強-英語文,,,,,,1,公立,A,A,屏東縣,E,57,57,16
130305,國立屏東高中,C,1,1,2,補強-英語文,,,,,,1,公立,A,A,屏東縣,E,57,57,16
130305,國立屏東高中,A,1,3,9,補強-歷史,,,,,1,,公立,A,A,屏東縣,E,57,57,16
130305,國立屏東高中,A,1,3,0A,補強-地理,,,,,,1,公立,A,A,屏東縣,E,57,57,16
130305,國立屏東高中,A,1,3,0B,補強-公民與社會,,,,,,1,公立,A,A,屏東縣,E,57,57,16
130305,國立屏東高中,C,1,4,0C,補強-物理,,,,,1,,公立,A,A,屏東縣,E,57,57,16
130305,國立屏東高中,C,1,4,0D,補強-化學,,,,,1,,公立,A,A,屏東縣,E,57,57,16
130306,國立潮州高中,A,1,1,1,補強-國語文,,,,,1,1,公立,A,A,屏東縣,E,42,42,13
130306,國立潮州高中,B,1,1,1,補強-國語文,,,,,1,4,公立,A,A,屏東縣,E,42,42,13
130306,國立潮州高中,A,1,1,2,補強-英語文,,,,,1,1,公立,A,A,屏東縣,E,42,42,13
130306,國立潮州高中,B,1,1,2,補強-英語文,,,,,1,1,公立,A,A,屏東縣,E,42,42,13
130306,國立潮州高中,A,1,2,3,補強-數學,1,1,1,1,1,1,公立,A,A,屏東縣,E,42,42,13
130306,國立潮州高中,B,1,2,3,補強-數學,1,1,1,1,1,1,公立,A,A,屏東縣,E,42,42,13
130306,國立潮州高中,A,1,4,0C,補強-物理,,,,,,1,公立,A,A,屏東縣,E,42,42,13
130306,國立潮州高中,A,1,4,0D,補強-化學,,,,,,1,公立,A,A,屏東縣,E,42,42,13
130306,國立潮州高中,A,1,4,0E,補強-生物,,,,,2,,公立,A,A,屏東縣,E,42,42,13
130417,國立恆春工商,A,1,1,1,補強-國語文,,,,1,,,公立,A,D,屏東縣,A,34,3,1
130417,國立恆春工商,A,1,1,2,補強-英語文,,,,1,1,,公立,A,D,屏東縣,A,34,3,1
130417,國立恆春工商,A,1,2,3,補強-數學,,,,,1,,公立,A,D,屏東縣,A,34,3,1
130417,國立恆春工商,A,1,3,0A,補強-地理,,,,,1,,公立,A,D,屏東縣,A,34,3,1
130417,國立恆春工商,A,1,4,0D,補強-化學,,,,,1,,公立,A,D,屏東縣,A,34,3,1
130417,國立恆春工商,A,1,4,0E,補強-生物,,,,,1,,公立,A,D,屏東縣,A,34,3,1
131409,私立民生家商,A,1,1,1,補強-國語文,,,,,2,2,私立,D,A,屏東縣,A,32,2,1
131409,私立民生家商,B,1,1,1,補強-國語文,,,,,2,2,私立,D,A,屏東縣,A,32,2,1
131409,私立民生家商,A,1,1,2,補強-英語文,,,,,2,2,私立,D,A,屏東縣,A,32,2,1
131409,私立民生家商,B,1,1,2,補強-英語文,,,,,2,2,私立,D,A,屏東縣,A,32,2,1
131409,私立民生家商,A,1,2,3,補強-數學,,,,,4,4,私立,D,A,屏東縣,A,32,2,1
131409,私立民生家商,B,1,2,3,補強-數學,,,,,4,4,私立,D,A,屏東縣,A,32,2,1
131409,私立民生家商,A,1,3,9,補強-歷史,,,,,3,3,私立,D,A,屏東縣,A,32,2,1
131409,私立民生家商,A,1,3,0A,補強-地理,,,,,3,3,私立,D,A,屏東縣,A,32,2,1
131409,私立民生家商,A,1,3,0B,補強-公民與社會,,,,,3,3,私立,D,A,屏東縣,A,32,2,1
131409,私立民生家商,B,1,4,0C,補強-物理,,,,,2,2,私立,D,A,屏東縣,A,32,2,1
131409,私立民生家商,B,1,4,0D,補強-化學,,,,,2,,私立,D,A,屏東縣,A,32,2,1
131409,私立民生家商,B,1,4,0E,補強-生物,,,,,2,2,私立,D,A,屏東縣,A,32,2,1
131409,私立民生家商,B,1,4,0F,補強-地球科學,,,,,,2,私立,D,A,屏東縣,A,32,2,1
134334,縣立來義高中,S,1,1,1,補強-國語文,,,1,1,1,,公立,C,C,屏東縣,B,21,12,2
134334,縣立來義高中,T,1,1,1,補強-國語文,,,1,1,1,,公立,C,C,屏東縣,B,21,12,2
134334,縣立來義高中,S,1,1,2,補強-英語文,,,,,1,1,公立,C,C,屏東縣,B,21,12,2
134334,縣立來義高中,T,1,1,2,補強-英語文,,,,,1,1,公立,C,C,屏東縣,B,21,12,2
134334,縣立來義高中,S,1,2,3,補強-數學,1,1,,,1,,公立,C,C,屏東縣,B,21,12,2
134334,縣立來義高中,T,1,2,3,補強-數學,1,1,,,1,,公立,C,C,屏東縣,B,21,12,2
141307,私立育仁高中,A,1,1,2,補強-英語文,1,1,1,1,,,私立,D,A,臺東縣,A,12,3,1
141307,私立育仁高中,A,1,2,3,補強-數學,1,1,1,1,2,2,私立,D,A,臺東縣,A,12,3,1
150302,國立花蓮女中,B,1,1,2,補強-英語文,,,1,,1,1,公立,A,A,花蓮縣,D,33,33,8
150302,國立花蓮女中,A,1,2,3,補強-數學,,,,,1,1,公立,A,A,花蓮縣,D,33,33,8
150303,國立花蓮高中,A,1,1,1,補強-國語文,,,,,1,,公立,A,A,花蓮縣,D,37,37,9
150303,國立花蓮高中,A,1,1,2,補強-英語文,,,,,1,,公立,A,A,花蓮縣,D,37,37,9
150309,國立玉里高中,A,1,1,1,補強-國語文,1,1,1,1,,,公立,A,C,花蓮縣,A,33,9,1
150309,國立玉里高中,B,1,1,1,補強-國語文,1,1,1,1,,,公立,A,C,花蓮縣,A,33,9,1
150309,國立玉里高中,A,1,2,3,補強-數學,1,1,1,2,,,公立,A,C,花蓮縣,A,33,9,1
150309,國立玉里高中,B,1,2,3,補強-數學,1,1,1,2,1,,公立,A,C,花蓮縣,A,33,9,1
151312,財團法人慈濟大學附中,A,1,1,2,補強-英語文,,,,,2,,私立,D,A,花蓮縣,C,36,15,5
151312,財團法人慈濟大學附中,B,1,1,2,補強-英語文,,,,,2,,私立,D,A,花蓮縣,C,36,15,5
151312,財團法人慈濟大學附中,B,1,2,3,補強-數學,,,,,2,,私立,D,A,花蓮縣,C,36,15,5
170301,國立基隆女中,A,1,1,2,補強-英語文,1,1,,,,,公立,A,A,基隆市,E,45,45,14
170301,國立基隆女中,B,1,1,2,補強-英語文,1,1,,,,,公立,A,A,基隆市,E,45,45,14
170301,國立基隆女中,C,1,1,2,補強-英語文,1,1,,,,,公立,A,A,基隆市,E,45,45,14
170301,國立基隆女中,D,1,1,2,補強-英語文,1,1,,,,,公立,A,A,基隆市,E,45,45,14
170301,國立基隆女中,A,1,2,3,補強-數學,1,1,,,,,公立,A,A,基隆市,E,45,45,14
170301,國立基隆女中,B,1,2,3,補強-數學,1,1,,,,,公立,A,A,基隆市,E,45,45,14
170301,國立基隆女中,C,1,2,3,補強-數學,1,1,,,,,公立,A,A,基隆市,E,45,45,14
170301,國立基隆女中,D,1,2,3,補強-數學,1,1,,,,,公立,A,A,基隆市,E,45,45,14
170302,國立基隆高中,C,1,2,3,補強-數學,,,,,2,2,公立,A,A,基隆市,D,33,33,8
170302,國立基隆高中,A,1,4,0F,補強-地球科學,,,,,1,1,公立,A,A,基隆市,D,33,33,8
170302,國立基隆高中,B,1,4,0F,補強-地球科學,,,,,1,1,公立,A,A,基隆市,D,33,33,8
170302,國立基隆高中,E,1,4,0F,補強-地球科學,,,,,1,1,公立,A,A,基隆市,D,33,33,8
171306,私立二信高中,A,1,1,2,補強-英語文,,,,,,2,私立,D,A,基隆市,C,86,16,5
171306,私立二信高中,B,1,1,2,補強-英語文,,,,,,2,私立,D,A,基隆市,C,86,16,5
171306,私立二信高中,C,1,1,2,補強-英語文,,,,,,2,私立,D,A,基隆市,C,86,16,5
171306,私立二信高中,C,1,3,9,補強-歷史,,,,2,3,3,私立,D,A,基隆市,C,86,16,5
171306,私立二信高中,C,1,3,0A,補強-地理,,,,2,3,3,私立,D,A,基隆市,C,86,16,5
171306,私立二信高中,C,1,3,0B,補強-公民與社會,,,,2,2,2,私立,D,A,基隆市,C,86,16,5
171306,私立二信高中,A,1,4,0C,補強-物理,,2,,,1,1,私立,D,A,基隆市,C,86,16,5
171306,私立二信高中,B,1,4,0C,補強-物理,,2,,,,,私立,D,A,基隆市,C,86,16,5
171306,私立二信高中,C,1,4,0C,補強-物理,,2,,,,,私立,D,A,基隆市,C,86,16,5
171306,私立二信高中,A,1,4,0D,補強-化學,2,,,,,,私立,D,A,基隆市,C,86,16,5
171306,私立二信高中,B,1,4,0D,補強-化學,2,,,,,,私立,D,A,基隆市,C,86,16,5
171306,私立二信高中,C,1,4,0D,補強-化學,2,,,,,,私立,D,A,基隆市,C,86,16,5
171306,私立二信高中,B,1,4,0E,補強-生物,,,,,1,1,私立,D,A,基隆市,C,86,16,5
173314,市立八斗高中,A,1,1,2,補強-英語文,,,,,2,,公立,C,A,基隆市,B,26,12,3
173314,市立八斗高中,A,1,2,3,補強-數學,,,,,2,,公立,C,A,基隆市,B,26,12,3
173314,市立八斗高中,S,1,2,3,補強-數學,,,,,2,,公立,C,A,基隆市,B,26,12,3
180302,國立新竹女中,B,1,4,0C,補強-物理,,,1,1,,,公立,A,A,新竹市,E,54,54,15
191309,私立明德高中,A,1,1,1,補強-國語文,2,2,2,2,,,私立,D,A,臺中市,C,91,10,4
191309,私立明德高中,B,1,1,1,補強-國語文,2,2,2,2,,,私立,D,A,臺中市,C,91,10,4
191309,私立明德高中,A,1,1,2,補強-英語文,2,2,2,2,,,私立,D,A,臺中市,C,91,10,4
191309,私立明德高中,B,1,1,2,補強-英語文,2,2,2,2,,,私立,D,A,臺中市,C,91,10,4
191309,私立明德高中,A,1,2,3,補強-數學,2,2,2,2,,,私立,D,A,臺中市,C,91,10,4
191309,私立明德高中,B,1,2,3,補強-數學,2,2,2,2,,,私立,D,A,臺中市,C,91,10,4
191313,私立曉明女中,A,1,1,2,補強-英語文,,1,,,,,私立,D,A,臺中市,C,48,18,6
191313,私立曉明女中,B,1,1,2,補強-英語文,,1,,,,,私立,D,A,臺中市,C,48,18,6
191313,私立曉明女中,A,1,2,3,補強-數學,,1,,,,,私立,D,A,臺中市,C,48,18,6
191313,私立曉明女中,B,1,2,3,補強-數學,,1,,,,2,私立,D,A,臺中市,C,48,18,6
191313,私立曉明女中,B,1,4,0C,補強-物理,,,,,,2,私立,D,A,臺中市,C,48,18,6
191313,私立曉明女中,B,1,4,0D,補強-化學,,,,,,2,私立,D,A,臺中市,C,48,18,6
191314,私立嶺東高中,A,1,3,9,補強-歷史,,,2,,,,私立,D,A,臺中市,C,90,13,5
191314,私立嶺東高中,A,1,3,0A,補強-地理,,,2,,,,私立,D,A,臺中市,C,90,13,5
191314,私立嶺東高中,A,1,3,0B,補強-公民與社會,,,,2,,,私立,D,A,臺中市,C,90,13,5
193301,市立臺中女中,C,1,1,2,補強-英語文,,,,,1,,公立,B,A,臺中市,E,54,54,16
193301,市立臺中女中,D,1,1,2,補強-英語文,,,,,1,,公立,B,A,臺中市,E,54,54,16
193301,市立臺中女中,C,1,2,3,補強-數學,,,,,1,1,公立,B,A,臺中市,E,54,54,16
193301,市立臺中女中,D,1,2,3,補強-數學,,,,,1,,公立,B,A,臺中市,E,54,54,16
193301,市立臺中女中,C,1,4,0C,補強-物理,,,,,1,1,公立,B,A,臺中市,E,54,54,16
193301,市立臺中女中,C,1,4,0D,補強-化學,,,,,1,,公立,B,A,臺中市,E,54,54,16
193302,市立臺中一中,A,1,1,1,補強-國語文,,,,,1,,公立,B,A,臺中市,E,75,75,21
193302,市立臺中一中,B,1,1,1,補強-國語文,,,,,1,,公立,B,A,臺中市,E,75,75,21
193302,市立臺中一中,C,1,1,1,補強-國語文,,,,,1,,公立,B,A,臺中市,E,75,75,21
193302,市立臺中一中,C,1,1,2,補強-英語文,,,,,1,,公立,B,A,臺中市,E,75,75,21
193302,市立臺中一中,B,1,2,3,補強-數學,,,,,1,1,公立,B,A,臺中市,E,75,75,21
193302,市立臺中一中,A,1,3,9,補強-歷史,,1,1,1,,,公立,B,A,臺中市,E,75,75,21
193302,市立臺中一中,B,1,3,9,補強-歷史,,1,,,,,公立,B,A,臺中市,E,75,75,21
193302,市立臺中一中,C,1,3,9,補強-歷史,,1,,,,,公立,B,A,臺中市,E,75,75,21
193302,市立臺中一中,A,1,3,0A,補強-地理,,1,1,1,,,公立,B,A,臺中市,E,75,75,21
193302,市立臺中一中,B,1,3,0A,補強-地理,,1,,,,,公立,B,A,臺中市,E,75,75,21
193302,市立臺中一中,C,1,3,0A,補強-地理,,1,,,,,公立,B,A,臺中市,E,75,75,21
193302,市立臺中一中,A,1,3,0B,補強-公民與社會,,1,1,1,,,公立,B,A,臺中市,E,75,75,21
193302,市立臺中一中,B,1,3,0B,補強-公民與社會,,1,,,,,公立,B,A,臺中市,E,75,75,21
193302,市立臺中一中,C,1,3,0B,補強-公民與社會,,1,,,,,公立,B,A,臺中市,E,75,75,21
193302,市立臺中一中,B,1,4,0C,補強-物理,,,,,1,1,公立,B,A,臺中市,E,75,75,21
193302,市立臺中一中,B,1,4,0D,補強-化學,,,,,1,1,公立,B,A,臺中市,E,75,75,21
193302,市立臺中一中,C,1,4,0E,補強-生物,,,,,,1,公立,B,A,臺中市,E,75,75,21
193316,市立惠文高中,A,1,1,1,補強-國語文,,,,,1,1,公立,B,A,臺中市,D,63,33,10
193316,市立惠文高中,B,1,1,1,補強-國語文,,,,,1,1,公立,B,A,臺中市,D,63,33,10
193316,市立惠文高中,A,1,1,2,補強-英語文,,,1,1,,,公立,B,A,臺中市,D,63,33,10
193316,市立惠文高中,B,1,1,2,補強-英語文,,,1,1,,,公立,B,A,臺中市,D,63,33,10
193316,市立惠文高中,A,1,2,3,補強-數學,,,,,1,1,公立,B,A,臺中市,D,63,33,10
193316,市立惠文高中,B,1,2,3,補強-數學,,,,,1,1,公立,B,A,臺中市,D,63,33,10
194303,市立臺中二中,A,1,1,1,補強-國語文,,,1,1,,,公立,B,A,臺中市,E,69,69,20
194303,市立臺中二中,A,1,2,3,補強-數學,,,1,1,,,公立,B,A,臺中市,E,69,69,20
194303,市立臺中二中,A,1,3,9,補強-歷史,,,,,,1,公立,B,A,臺中市,E,69,69,20
194303,市立臺中二中,A,1,3,0A,補強-地理,,,,,,1,公立,B,A,臺中市,E,69,69,20
194303,市立臺中二中,B,1,4,0C,補強-物理,,,,,1,,公立,B,A,臺中市,E,69,69,20
194303,市立臺中二中,C,1,4,0C,補強-物理,,,,,1,,公立,B,A,臺中市,E,69,69,20
194303,市立臺中二中,B,1,4,0D,補強-化學,,,,,1,,公立,B,A,臺中市,E,69,69,20
194303,市立臺中二中,C,1,4,0D,補強-化學,,,,,1,,公立,B,A,臺中市,E,69,69,20
194315,市立文華高中,A,1,1,1,補強-國語文,,,1,1,1,,公立,B,A,臺中市,E,60,60,17
194315,市立文華高中,C,1,1,1,補強-國語文,,,,,1,,公立,B,A,臺中市,E,60,60,17
194315,市立文華高中,D,1,1,1,補強-國語文,,,,,1,,公立,B,A,臺中市,E,60,60,17
194315,市立文華高中,B,1,1,1,補強-國語文,,,1,1,1,,公立,B,A,臺中市,E,60,60,17
194315,市立文華高中,D,1,1,2,補強-英語文,,,,,1,,公立,B,A,臺中市,E,60,60,17
194315,市立文華高中,B,1,1,2,補強-英語文,,,1,1,1,,公立,B,A,臺中市,E,60,60,17
194315,市立文華高中,A,1,1,2,補強-英語文,,,1,1,1,,公立,B,A,臺中市,E,60,60,17
194315,市立文華高中,C,1,1,2,補強-英語文,,,,,1,,公立,B,A,臺中市,E,60,60,17
194315,市立文華高中,A,1,2,3,補強-數學,,,1,1,1,,公立,B,A,臺中市,E,60,60,17
194315,市立文華高中,C,1,2,3,補強-數學,,,,,1,,公立,B,A,臺中市,E,60,60,17
194315,市立文華高中,D,1,2,3,補強-數學,,,,,1,,公立,B,A,臺中市,E,60,60,17
194315,市立文華高中,B,1,2,3,補強-數學,,,1,1,1,,公立,B,A,臺中市,E,60,60,17
194315,市立文華高中,B,1,3,9,補強-歷史,,,,,1,1,公立,B,A,臺中市,E,60,60,17
194315,市立文華高中,A,1,3,9,補強-歷史,,,,,1,1,公立,B,A,臺中市,E,60,60,17
194315,市立文華高中,B,1,3,0A,補強-地理,,,,,1,1,公立,B,A,臺中市,E,60,60,17
194315,市立文華高中,A,1,3,0A,補強-地理,,,,,1,1,公立,B,A,臺中市,E,60,60,17
194315,市立文華高中,A,1,3,0B,補強-公民與社會,,,,,1,1,公立,B,A,臺中市,E,60,60,17
194315,市立文華高中,B,1,3,0B,補強-公民與社會,,,,,1,1,公立,B,A,臺中市,E,60,60,17
194315,市立文華高中,D,1,4,0C,補強-物理,,,,,,1,公立,B,A,臺中市,E,60,60,17
194315,市立文華高中,C,1,4,0C,補強-物理,,,,,,1,公立,B,A,臺中市,E,60,60,17
194315,市立文華高中,D,1,4,0D,補強-化學,,,,,,1,公立,B,A,臺中市,E,60,60,17
194315,市立文華高中,C,1,4,0D,補強-化學,,,,,,1,公立,B,A,臺中市,E,60,60,17
200302,國立嘉義女中,C,1,2,3,補強-數學,,,,,4,4,公立,A,A,嘉義市,E,48,48,13
200302,國立嘉義女中,A,1,2,3,補強-數學,,,,,4,4,公立,A,A,嘉義市,E,48,48,13
200302,國立嘉義女中,B,1,2,3,補強-數學,,,,,4,4,公立,A,A,嘉義市,E,48,48,13
200401,國立華南高商,A,1,1,2,補強-英語文,1,1,1,1,1,1,公立,A,A,嘉義市,C,42,12,4
200401,國立華南高商,B,1,1,2,補強-英語文,1,1,,,1,1,公立,A,A,嘉義市,C,42,12,4
200401,國立華南高商,C,1,1,2,補強-英語文,1,1,,,1,1,公立,A,A,嘉義市,C,42,12,4
200401,國立華南高商,B,1,4,0D,補強-化學,,,,,1,1,公立,A,A,嘉義市,C,42,12,4
200401,國立華南高商,C,1,4,0D,補強-化學,,,,,1,1,公立,A,A,嘉義市,C,42,12,4
200401,國立華南高商,C,1,4,0E,補強-生物,,,,,1,1,公立,A,A,嘉義市,C,42,12,4
210305,國立臺南一中,A,1,1,1,補強-國語文,,,1,,1,1,公立,A,A,臺南市,E,60,57,16
210305,國立臺南一中,B,1,1,1,補強-國語文,,,,,2,2,公立,A,A,臺南市,E,60,57,16
210305,國立臺南一中,A,1,1,2,補強-英語文,,,,1,,,公立,A,A,臺南市,E,60,57,16
210305,國立臺南一中,B,1,2,3,補強-數學,,,,,2,2,公立,A,A,臺南市,E,60,57,16
210305,國立臺南一中,A,1,3,9,補強-歷史,,,,,1,1,公立,A,A,臺南市,E,60,57,16
210305,國立臺南一中,A,1,3,0A,補強-地理,,,,,1,1,公立,A,A,臺南市,E,60,57,16
210305,國立臺南一中,A,1,3,0B,補強-公民與社會,,,,,1,1,公立,A,A,臺南市,E,60,57,16
210305,國立臺南一中,P,1,4,0C,補強-物理,,,,2,,,公立,A,A,臺南市,E,60,57,16
210305,國立臺南一中,B,1,4,0C,補強-物理,,,,2,,,公立,A,A,臺南市,E,60,57,16
210305,國立臺南一中,C,1,4,0C,補強-物理,,,,2,,,公立,A,A,臺南市,E,60,57,16
210305,國立臺南一中,P,1,4,0D,補強-化學,,,2,,,,公立,A,A,臺南市,E,60,57,16
210305,國立臺南一中,B,1,4,0D,補強-化學,,,2,,,,公立,A,A,臺南市,E,60,57,16
210305,國立臺南一中,C,1,4,0D,補強-化學,,,2,,,,公立,A,A,臺南市,E,60,57,16
210309,國立家齊高中,P,1,1,2,補強-英語文,,,,,1,,公立,A,A,臺南市,D,51,33,10
210309,國立家齊高中,A,1,1,2,補強-英語文,,,,,,2,公立,A,A,臺南市,D,51,33,10
210309,國立家齊高中,B,1,1,2,補強-英語文,,,,,,2,公立,A,A,臺南市,D,51,33,10
210309,國立家齊高中,C,1,1,2,補強-英語文,,,,,1,,公立,A,A,臺南市,D,51,33,10
210309,國立家齊高中,D,1,1,2,補強-英語文,,,,,1,1,公立,A,A,臺南市,D,51,33,10
210309,國立家齊高中,P,1,2,3,補強-數學,,,1,1,2,1,公立,A,A,臺南市,D,51,33,10
210309,國立家齊高中,A,1,2,3,補強-數學,,,1,1,,,公立,A,A,臺南市,D,51,33,10
210309,國立家齊高中,B,1,2,3,補強-數學,,,1,1,2,2,公立,A,A,臺南市,D,51,33,10
210309,國立家齊高中,C,1,2,3,補強-數學,,,1,1,2,1,公立,A,A,臺南市,D,51,33,10
210309,國立家齊高中,D,1,2,3,補強-數學,,,1,1,2,,公立,A,A,臺南市,D,51,33,10
211304,財團法人聖功女中,A,1,2,3,補強-數學,1,1,,,,,私立,D,A,臺南市,C,36,18,6
211304,財團法人聖功女中,B,1,2,3,補強-數學,1,1,,,,,私立,D,A,臺南市,C,36,18,6
211318,私立德光高中,A,1,1,2,補強-英語文,,,,,2,,私立,D,A,臺南市,D,54,24,8
211318,私立德光高中,B,1,1,2,補強-英語文,,,,,2,,私立,D,A,臺南市,D,54,24,8
211318,私立德光高中,A,1,2,3,補強-數學,,,,,2,,私立,D,A,臺南市,D,54,24,8
211318,私立德光高中,B,1,2,3,補強-數學,,,,,2,,私立,D,A,臺南市,D,54,24,8
211318,私立德光高中,A,1,3,9,補強-歷史,,,,,2,2,私立,D,A,臺南市,D,54,24,8
211318,私立德光高中,A,1,3,0A,補強-地理,,,,,2,2,私立,D,A,臺南市,D,54,24,8
211318,私立德光高中,B,1,4,0C,補強-物理,,,,,2,2,私立,D,A,臺南市,D,54,24,8
211318,私立德光高中,B,1,4,0D,補強-化學,,,,,2,2,私立,D,A,臺南市,D,54,24,8
211318,私立德光高中,B,1,4,0E,補強-生物,,,,,2,2,私立,D,A,臺南市,D,54,24,8
321399,臺北市私立協和祐德高級中學,A,1,3,9,補強-歷史,,,,,1,1,私立,D,A,臺北市,A,28,3,1
321399,臺北市私立協和祐德高級中學,A,1,3,0A,補強-地理,,,,,1,1,私立,D,A,臺北市,A,28,3,1
321399,臺北市私立協和祐德高級中學,A,1,3,0B,補強-公民與社會,,,1,1,,,私立,D,A,臺北市,A,28,3,1
323301,市立松山高中,A,1,1,1,補強-國語文,,,2,2,2,,公立,B,A,臺北市,E,63,63,20
323301,市立松山高中,B,1,1,1,補強-國語文,,,2,2,2,,公立,B,A,臺北市,E,63,63,20
323301,市立松山高中,A,1,1,2,補強-英語文,,,2,2,2,,公立,B,A,臺北市,E,63,63,20
323301,市立松山高中,B,1,1,2,補強-英語文,,,2,2,2,,公立,B,A,臺北市,E,63,63,20
323301,市立松山高中,A,1,2,3,補強-數學,,,2,2,2,,公立,B,A,臺北市,E,63,63,20
323301,市立松山高中,B,1,2,3,補強-數學,,,2,2,2,,公立,B,A,臺北市,E,63,63,20
330301,國立師大附中,A,1,1,1,補強-國語文,,,,,1,1,公立,A,A,臺北市,E,100,79,20
330301,國立師大附中,P,1,1,2,補強-英語文,,,,,1,,公立,A,A,臺北市,E,100,79,20
330301,國立師大附中,A,1,1,2,補強-英語文,,,,,1,1,公立,A,A,臺北市,E,100,79,20
330301,國立師大附中,B,1,1,2,補強-英語文,,,,,1,1,公立,A,A,臺北市,E,100,79,20
330301,國立師大附中,B,1,2,3,補強-數學,,,,,1,1,公立,A,A,臺北市,E,100,79,20
330301,國立師大附中,C,1,2,3,補強-數學,,,,,2,2,公立,A,A,臺北市,E,100,79,20
330301,國立師大附中,D,1,2,3,補強-數學,,,,,1,1,公立,A,A,臺北市,E,100,79,20
330301,國立師大附中,P,1,2,3,補強-數學,,,,,2,2,公立,A,A,臺北市,E,100,79,20
330301,國立師大附中,B,1,3,0B,補強-公民與社會,,,,,2,2,公立,A,A,臺北市,E,100,79,20
330301,國立師大附中,P,1,4,0C,補強-物理,,,,,1,2,公立,A,A,臺北市,E,100,79,20
330301,國立師大附中,C,1,4,0C,補強-物理,,,,,1,1,公立,A,A,臺北市,E,100,79,20
330301,國立師大附中,D,1,4,0C,補強-物理,,,1,1,,,公立,A,A,臺北市,E,100,79,20
330301,國立師大附中,C,1,4,0D,補強-化學,,,,,1,1,公立,A,A,臺北市,E,100,79,20
330301,國立師大附中,D,1,4,0E,補強-生物,,,1,1,,,公立,A,A,臺北市,E,100,79,20
331302,私立金甌女中,A,1,1,1,補強-國語文,1,1,1,1,1,1,私立,D,A,臺北市,B,31,7,2
331302,私立金甌女中,B,1,1,1,補強-國語文,1,1,1,1,1,1,私立,D,A,臺北市,B,31,7,2
331302,私立金甌女中,A,1,1,2,補強-英語文,1,1,1,1,1,1,私立,D,A,臺北市,B,31,7,2
331302,私立金甌女中,B,1,1,2,補強-英語文,1,1,1,1,1,1,私立,D,A,臺北市,B,31,7,2
331302,私立金甌女中,A,1,2,3,補強-數學,1,1,1,1,1,1,私立,D,A,臺北市,B,31,7,2
331302,私立金甌女中,B,1,2,3,補強-數學,1,1,1,1,1,1,私立,D,A,臺北市,B,31,7,2
341302,私立大同高中,A,1,1,1,補強-國語文,,,,,2,,私立,D,A,臺北市,B,23,14,3
341302,私立大同高中,B,1,1,1,補強-國語文,,,,,2,,私立,D,A,臺北市,B,23,14,3
341302,私立大同高中,C,1,1,1,補強-國語文,,,,,2,,私立,D,A,臺北市,B,23,14,3
341302,私立大同高中,A,1,1,2,補強-英語文,,,,,2,,私立,D,A,臺北市,B,23,14,3
341302,私立大同高中,B,1,1,2,補強-英語文,,,,,2,,私立,D,A,臺北市,B,23,14,3
341302,私立大同高中,C,1,1,2,補強-英語文,,,,,2,,私立,D,A,臺北市,B,23,14,3
341302,私立大同高中,A,1,2,3,補強-數學,,,,,2,,私立,D,A,臺北市,B,23,14,3
341302,私立大同高中,B,1,2,3,補強-數學,,,,,2,,私立,D,A,臺北市,B,23,14,3
341302,私立大同高中,C,1,2,3,補強-數學,,,,,2,,私立,D,A,臺北市,B,23,14,3
341302,私立大同高中,A,1,3,9,補強-歷史,,,,,2,,私立,D,A,臺北市,B,23,14,3
341302,私立大同高中,B,1,3,9,補強-歷史,,,,,2,,私立,D,A,臺北市,B,23,14,3
341302,私立大同高中,C,1,3,9,補強-歷史,,,,,2,,私立,D,A,臺北市,B,23,14,3
341302,私立大同高中,A,1,3,0A,補強-地理,,,,,2,,私立,D,A,臺北市,B,23,14,3
341302,私立大同高中,B,1,3,0A,補強-地理,,,,,2,,私立,D,A,臺北市,B,23,14,3
341302,私立大同高中,C,1,3,0A,補強-地理,,,,,2,,私立,D,A,臺北市,B,23,14,3
341302,私立大同高中,A,1,3,0B,補強-公民與社會,,,,,2,,私立,D,A,臺北市,B,23,14,3
341302,私立大同高中,B,1,3,0B,補強-公民與社會,,,,,2,,私立,D,A,臺北市,B,23,14,3
341302,私立大同高中,C,1,3,0B,補強-公民與社會,,,,,2,,私立,D,A,臺北市,B,23,14,3
341302,私立大同高中,A,1,4,0C,補強-物理,,,,,2,,私立,D,A,臺北市,B,23,14,3
341302,私立大同高中,B,1,4,0C,補強-物理,,,,,2,,私立,D,A,臺北市,B,23,14,3
341302,私立大同高中,C,1,4,0C,補強-物理,,,,,2,,私立,D,A,臺北市,B,23,14,3
341302,私立大同高中,A,1,4,0E,補強-生物,,,,,2,,私立,D,A,臺北市,B,23,14,3
341302,私立大同高中,B,1,4,0E,補強-生物,,,,,2,,私立,D,A,臺北市,B,23,14,3
341302,私立大同高中,C,1,4,0E,補強-生物,,,,,2,,私立,D,A,臺北市,B,23,14,3
341302,私立大同高中,A,1,4,0F,補強-地球科學,,,,,2,,私立,D,A,臺北市,B,23,14,3
341302,私立大同高中,B,1,4,0F,補強-地球科學,,,,,2,,私立,D,A,臺北市,B,23,14,3
341302,私立大同高中,C,1,4,0F,補強-地球科學,,,,,2,,私立,D,A,臺北市,B,23,14,3
343301,市立中山女中,A,1,1,1,補強-國語文,,,,,1,1,公立,B,A,臺北市,E,67,67,21
343301,市立中山女中,B,1,1,1,補強-國語文,,,,,2,2,公立,B,A,臺北市,E,67,67,21
343301,市立中山女中,C,1,1,1,補強-國語文,,,,,2,2,公立,B,A,臺北市,E,67,67,21
343301,市立中山女中,D,1,1,1,補強-國語文,,,,,2,2,公立,B,A,臺北市,E,67,67,21
343301,市立中山女中,E,1,1,1,補強-國語文,,,,,2,2,公立,B,A,臺北市,E,67,67,21
343301,市立中山女中,A,1,1,2,補強-英語文,,,,,1,1,公立,B,A,臺北市,E,67,67,21
343301,市立中山女中,A,1,2,3,補強-數學,,,,,1,1,公立,B,A,臺北市,E,67,67,21
343301,市立中山女中,B,1,2,3,補強-數學,,,,,2,2,公立,B,A,臺北市,E,67,67,21
343301,市立中山女中,C,1,2,3,補強-數學,,,,,2,2,公立,B,A,臺北市,E,67,67,21
343301,市立中山女中,D,1,2,3,補強-數學,,,,,2,2,公立,B,A,臺北市,E,67,67,21
343301,市立中山女中,E,1,2,3,補強-數學,,,,,2,2,公立,B,A,臺北市,E,67,67,21
343301,市立中山女中,A,1,3,9,補強-歷史,,,,,1,1,公立,B,A,臺北市,E,67,67,21
343301,市立中山女中,A,1,3,0A,補強-地理,,,,,1,1,公立,B,A,臺北市,E,67,67,21
343301,市立中山女中,A,1,3,0B,補強-公民與社會,,,,,1,1,公立,B,A,臺北市,E,67,67,21
343301,市立中山女中,B,1,4,0C,補強-物理,,,2,2,2,2,公立,B,A,臺北市,E,67,67,21
343301,市立中山女中,C,1,4,0C,補強-物理,,,2,2,2,2,公立,B,A,臺北市,E,67,67,21
343301,市立中山女中,D,1,4,0C,補強-物理,,,2,2,2,2,公立,B,A,臺北市,E,67,67,21
343301,市立中山女中,E,1,4,0C,補強-物理,,,2,2,2,2,公立,B,A,臺北市,E,67,67,21
343301,市立中山女中,B,1,7,13,補強-資訊科技,,,,2,,,公立,B,A,臺北市,E,67,67,21
343302,市立大同高中,C,1,1,1,補強-國語文,,,2,2,,,公立,B,A,臺北市,E,69,48,15
343302,市立大同高中,B,1,1,1,補強-國語文,,,2,2,,,公立,B,A,臺北市,E,69,48,15
343302,市立大同高中,A,1,1,1,補強-國語文,,,2,2,,,公立,B,A,臺北市,E,69,48,15
343302,市立大同高中,D,1,1,1,補強-國語文,,,2,2,,,公立,B,A,臺北市,E,69,48,15
343302,市立大同高中,E,1,1,2,補強-英語文,,,,,2,2,公立,B,A,臺北市,E,69,48,15
343302,市立大同高中,B,1,1,2,補強-英語文,,,2,2,2,2,公立,B,A,臺北市,E,69,48,15
343302,市立大同高中,F,1,1,2,補強-英語文,,,,,2,2,公立,B,A,臺北市,E,69,48,15
343302,市立大同高中,D,1,1,2,補強-英語文,,,2,2,2,2,公立,B,A,臺北市,E,69,48,15
343302,市立大同高中,C,1,1,2,補強-英語文,,,2,2,2,2,公立,B,A,臺北市,E,69,48,15
343302,市立大同高中,A,1,1,2,補強-英語文,,,2,2,2,2,公立,B,A,臺北市,E,69,48,15
343302,市立大同高中,F,1,2,3,補強-數學,,,,,2,2,公立,B,A,臺北市,E,69,48,15
343302,市立大同高中,E,1,2,3,補強-數學,,,,,2,2,公立,B,A,臺北市,E,69,48,15
343302,市立大同高中,B,1,2,3,補強-數學,,,2,2,2,2,公立,B,A,臺北市,E,69,48,15
343302,市立大同高中,C,1,2,3,補強-數學,,,2,2,2,2,公立,B,A,臺北市,E,69,48,15
343302,市立大同高中,A,1,2,3,補強-數學,,,2,2,2,2,公立,B,A,臺北市,E,69,48,15
343302,市立大同高中,D,1,2,3,補強-數學,,,2,2,2,2,公立,B,A,臺北市,E,69,48,15
343302,市立大同高中,B,1,3,9,補強-歷史,,,2,2,2,2,公立,B,A,臺北市,E,69,48,15
343302,市立大同高中,C,1,3,9,補強-歷史,,,2,2,2,2,公立,B,A,臺北市,E,69,48,15
343302,市立大同高中,A,1,3,9,補強-歷史,,,2,2,2,2,公立,B,A,臺北市,E,69,48,15
343302,市立大同高中,E,1,4,0C,補強-物理,,,,,2,2,公立,B,A,臺北市,E,69,48,15
343302,市立大同高中,F,1,4,0C,補強-物理,,,,,2,2,公立,B,A,臺北市,E,69,48,15
343302,市立大同高中,D,1,4,0C,補強-物理,,,2,2,2,2,公立,B,A,臺北市,E,69,48,15
343302,市立大同高中,E,1,4,0D,補強-化學,,,,,2,2,公立,B,A,臺北市,E,69,48,15
343302,市立大同高中,F,1,4,0D,補強-化學,,,,,2,2,公立,B,A,臺北市,E,69,48,15
343302,市立大同高中,D,1,4,0D,補強-化學,,,2,2,2,2,公立,B,A,臺北市,E,69,48,15
343303,市立大直高中,C,1,1,1,補強-國語文,,,,,1,,公立,B,A,臺北市,D,57,30,9
343303,市立大直高中,C,1,1,2,補強-英語文,,,,,1,,公立,B,A,臺北市,D,57,30,9
343303,市立大直高中,C,1,2,3,補強-數學,,,,,1,1,公立,B,A,臺北市,D,57,30,9
343303,市立大直高中,C,1,4,0C,補強-物理,,,,,,1,公立,B,A,臺北市,D,57,30,9
343303,市立大直高中,C,1,4,0D,補強-化學,,,,,,1,公立,B,A,臺北市,D,57,30,9
353303,市立北一女中,A,1,1,2,補強-英語文,2,2,2,2,2,2,公立,B,A,臺北市,E,69,69,20
353303,市立北一女中,B,1,1,2,補強-英語文,2,2,2,2,2,2,公立,B,A,臺北市,E,69,69,20
353303,市立北一女中,C,1,1,2,補強-英語文,2,2,2,2,2,2,公立,B,A,臺北市,E,69,69,20
353303,市立北一女中,D,1,1,2,補強-英語文,2,2,2,2,2,2,公立,B,A,臺北市,E,69,69,20
353303,市立北一女中,E,1,1,2,補強-英語文,2,2,2,2,2,2,公立,B,A,臺北市,E,69,69,20
353303,市立北一女中,F,1,1,2,補強-英語文,2,2,2,2,2,2,公立,B,A,臺北市,E,69,69,20
353303,市立北一女中,G,1,1,2,補強-英語文,2,2,2,2,2,2,公立,B,A,臺北市,E,69,69,20
353303,市立北一女中,H,1,1,2,補強-英語文,2,2,2,2,2,2,公立,B,A,臺北市,E,69,69,20
353303,市立北一女中,I,1,1,2,補強-英語文,2,2,2,2,2,2,公立,B,A,臺北市,E,69,69,20
353303,市立北一女中,J,1,1,2,補強-英語文,2,2,2,2,2,2,公立,B,A,臺北市,E,69,69,20
353303,市立北一女中,A,1,2,3,補強-數學,2,2,2,2,2,2,公立,B,A,臺北市,E,69,69,20
353303,市立北一女中,B,1,2,3,補強-數學,2,2,2,2,2,2,公立,B,A,臺北市,E,69,69,20
353303,市立北一女中,C,1,2,3,補強-數學,2,2,2,2,2,2,公立,B,A,臺北市,E,69,69,20
353303,市立北一女中,D,1,2,3,補強-數學,2,2,2,2,2,2,公立,B,A,臺北市,E,69,69,20
353303,市立北一女中,E,1,2,3,補強-數學,2,2,2,2,2,2,公立,B,A,臺北市,E,69,69,20
353303,市立北一女中,F,1,2,3,補強-數學,2,2,2,2,2,2,公立,B,A,臺北市,E,69,69,20
353303,市立北一女中,G,1,2,3,補強-數學,2,2,2,2,2,2,公立,B,A,臺北市,E,69,69,20
353303,市立北一女中,H,1,2,3,補強-數學,2,2,2,2,2,2,公立,B,A,臺北市,E,69,69,20
353303,市立北一女中,I,1,2,3,補強-數學,2,2,2,2,2,2,公立,B,A,臺北市,E,69,69,20
353303,市立北一女中,J,1,2,3,補強-數學,2,2,2,2,2,2,公立,B,A,臺北市,E,69,69,20
361301,私立靜修女中,A,1,2,3,補強-數學,,,,,,1,私立,D,A,臺北市,B,30,9,3
361301,私立靜修女中,A,1,3,9,補強-歷史,,,,,2,,私立,D,A,臺北市,B,30,9,3
361301,私立靜修女中,A,1,3,0A,補強-地理,,,,,1,,私立,D,A,臺北市,B,30,9,3
361301,私立靜修女中,B,1,4,0D,補強-化學,,,,,1,,私立,D,A,臺北市,B,30,9,3
361301,私立靜修女中,B,1,4,0E,補強-生物,,,,,1,,私立,D,A,臺北市,B,30,9,3
363301,市立明倫高中,A,1,3,9,補強-歷史,,,,,1,1,公立,B,A,臺北市,E,48,48,15
363301,市立明倫高中,B,1,3,9,補強-歷史,,,,,1,1,公立,B,A,臺北市,E,48,48,15
363301,市立明倫高中,S,1,3,9,補強-歷史,,,,,1,1,公立,B,A,臺北市,E,48,48,15
363301,市立明倫高中,A,1,3,0A,補強-地理,,,,,1,1,公立,B,A,臺北市,E,48,48,15
363301,市立明倫高中,B,1,3,0A,補強-地理,,,,,1,1,公立,B,A,臺北市,E,48,48,15
363301,市立明倫高中,S,1,3,0A,補強-地理,,,,,1,1,公立,B,A,臺北市,E,48,48,15
363301,市立明倫高中,A,1,3,0B,補強-公民與社會,,,,,1,1,公立,B,A,臺北市,E,48,48,15
363301,市立明倫高中,B,1,3,0B,補強-公民與社會,,,,,1,1,公立,B,A,臺北市,E,48,48,15
363301,市立明倫高中,S,1,3,0B,補強-公民與社會,,,,,1,1,公立,B,A,臺北市,E,48,48,15
363301,市立明倫高中,C,1,4,0C,補強-物理,,,,,,2,公立,B,A,臺北市,E,48,48,15
363301,市立明倫高中,D,1,4,0C,補強-物理,,,,,,2,公立,B,A,臺北市,E,48,48,15
363301,市立明倫高中,C,1,4,0D,補強-化學,,,,,,2,公立,B,A,臺北市,E,48,48,15
363301,市立明倫高中,D,1,4,0D,補強-化學,,,,,,2,公立,B,A,臺北市,E,48,48,15
380301,國立政大附中,A,1,2,3,補強-數學,,,,,4,4,公立,A,A,臺北市,C,33,18,5
380301,國立政大附中,P,1,2,3,補強-數學,,,,,4,4,公立,A,A,臺北市,C,33,18,5
380301,國立政大附中,B,1,4,0C,補強-物理,,,,2,2,,公立,A,A,臺北市,C,33,18,5
383301,市立景美女中,A,1,1,2,補強-英語文,,,1,1,,,公立,B,A,臺北市,E,60,60,19
383301,市立景美女中,B,1,1,2,補強-英語文,,,1,1,,,公立,B,A,臺北市,E,60,60,19
383301,市立景美女中,C,1,1,2,補強-英語文,,,1,1,,,公立,B,A,臺北市,E,60,60,19
383301,市立景美女中,A,1,2,3,補強-數學,,,1,1,,,公立,B,A,臺北市,E,60,60,19
383301,市立景美女中,B,1,2,3,補強-數學,,,1,1,,,公立,B,A,臺北市,E,60,60,19
383301,市立景美女中,C,1,2,3,補強-數學,,,1,1,,,公立,B,A,臺北市,E,60,60,19
383302,市立萬芳高中,A,1,1,1,補強-國語文,,,2,2,2,,公立,B,A,臺北市,D,57,33,10
383302,市立萬芳高中,B,1,1,1,補強-國語文,,,2,2,2,,公立,B,A,臺北市,D,57,33,10
383302,市立萬芳高中,C,1,1,1,補強-國語文,,,2,2,2,,公立,B,A,臺北市,D,57,33,10
383302,市立萬芳高中,A,1,1,2,補強-英語文,,,2,2,2,,公立,B,A,臺北市,D,57,33,10
383302,市立萬芳高中,B,1,1,2,補強-英語文,,,2,2,2,,公立,B,A,臺北市,D,57,33,10
383302,市立萬芳高中,C,1,1,2,補強-英語文,,,2,2,2,,公立,B,A,臺北市,D,57,33,10
383302,市立萬芳高中,A,1,2,3,補強-數學,,,2,2,2,,公立,B,A,臺北市,D,57,33,10
383302,市立萬芳高中,B,1,2,3,補強-數學,,,2,2,2,,公立,B,A,臺北市,D,57,33,10
383302,市立萬芳高中,C,1,2,3,補強-數學,,,2,2,2,,公立,B,A,臺北市,D,57,33,10
401302,私立方濟中學,A,1,1,1,補強-國語文,1,1,1,1,,,私立,D,A,臺北市,B,16,9,3
401302,私立方濟中學,A,1,1,2,補強-英語文,1,1,1,1,,,私立,D,A,臺北市,B,16,9,3
401302,私立方濟中學,A,1,2,3,補強-數學,1,1,1,1,,,私立,D,A,臺北市,B,16,9,3
401303,私立達人女中,B,1,4,0E,補強-生物,,,,1,,,私立,D,A,臺北市,B,25,9,3
403302,市立麗山高中,A,1,1,1,補強-國語文,2,2,2,2,2,,公立,B,A,臺北市,D,33,33,9
403302,市立麗山高中,B,1,1,1,補強-國語文,2,2,2,2,2,,公立,B,A,臺北市,D,33,33,9
403302,市立麗山高中,A,1,1,2,補強-英語文,2,2,2,2,2,,公立,B,A,臺北市,D,33,33,9
403302,市立麗山高中,B,1,1,2,補強-英語文,2,2,2,2,2,,公立,B,A,臺北市,D,33,33,9
403302,市立麗山高中,A,1,2,3,補強-數學,2,2,2,2,,,公立,B,A,臺北市,D,33,33,9
403302,市立麗山高中,B,1,2,3,補強-數學,2,2,2,2,,,公立,B,A,臺北市,D,33,33,9
403303,市立南湖高中,A,1,1,1,補強-國語文,,,1,1,1,,公立,B,A,臺北市,E,48,48,14
403303,市立南湖高中,B,1,1,1,補強-國語文,,,1,1,1,,公立,B,A,臺北市,E,48,48,14
403303,市立南湖高中,C,1,1,1,補強-國語文,,,1,1,1,,公立,B,A,臺北市,E,48,48,14
403303,市立南湖高中,D,1,1,1,補強-國語文,,,2,2,1,,公立,B,A,臺北市,E,48,48,14
403303,市立南湖高中,E,1,1,1,補強-國語文,,,2,2,1,,公立,B,A,臺北市,E,48,48,14
403303,市立南湖高中,F,1,1,1,補強-國語文,,,,,1,,公立,B,A,臺北市,E,48,48,14
403303,市立南湖高中,G,1,1,1,補強-國語文,,,,,1,,公立,B,A,臺北市,E,48,48,14
403303,市立南湖高中,A,1,1,2,補強-英語文,,,1,1,1,,公立,B,A,臺北市,E,48,48,14
403303,市立南湖高中,B,1,1,2,補強-英語文,,,1,1,1,,公立,B,A,臺北市,E,48,48,14
403303,市立南湖高中,C,1,1,2,補強-英語文,,,1,1,1,,公立,B,A,臺北市,E,48,48,14
403303,市立南湖高中,D,1,1,2,補強-英語文,,,2,2,1,,公立,B,A,臺北市,E,48,48,14
403303,市立南湖高中,E,1,1,2,補強-英語文,,,2,2,1,,公立,B,A,臺北市,E,48,48,14
403303,市立南湖高中,F,1,1,2,補強-英語文,,,,,1,,公立,B,A,臺北市,E,48,48,14
403303,市立南湖高中,G,1,1,2,補強-英語文,,,,,1,,公立,B,A,臺北市,E,48,48,14
403303,市立南湖高中,A,1,2,3,補強-數學,,,1,1,5,2,公立,B,A,臺北市,E,48,48,14
403303,市立南湖高中,B,1,2,3,補強-數學,,,1,1,5,2,公立,B,A,臺北市,E,48,48,14
403303,市立南湖高中,C,1,2,3,補強-數學,,,1,1,1,1,公立,B,A,臺北市,E,48,48,14
403303,市立南湖高中,D,1,2,3,補強-數學,,,2,2,2,2,公立,B,A,臺北市,E,48,48,14
403303,市立南湖高中,E,1,2,3,補強-數學,,,2,2,2,2,公立,B,A,臺北市,E,48,48,14
403303,市立南湖高中,F,1,2,3,補強-數學,,,,,2,2,公立,B,A,臺北市,E,48,48,14
403303,市立南湖高中,G,1,2,3,補強-數學,,,,,2,2,公立,B,A,臺北市,E,48,48,14
403303,市立南湖高中,S,1,2,3,補強-數學,1,1,1,1,5,1,公立,B,A,臺北市,E,48,48,14
411303,私立華興中學,A,1,4,0C,補強-物理,1,,,,,,私立,D,A,臺北市,B,27,6,2
411303,私立華興中學,B,1,4,0C,補強-物理,1,,,,,,私立,D,A,臺北市,B,27,6,2
411303,私立華興中學,A,1,4,0D,補強-化學,,1,,,,,私立,D,A,臺北市,B,27,6,2
411303,私立華興中學,B,1,4,0D,補強-化學,,1,,,,,私立,D,A,臺北市,B,27,6,2
423301,市立復興高中,A,1,1,1,補強-國語文,,,,,1,1,公立,B,A,臺北市,E,69,69,18
423301,市立復興高中,B,1,1,1,補強-國語文,,,,,1,1,公立,B,A,臺北市,E,69,69,18
423301,市立復興高中,C,1,1,1,補強-國語文,,,,,1,1,公立,B,A,臺北市,E,69,69,18
543301,市立中山高中,A,1,1,2,補強-英語文,,,,,2,2,公立,B,A,高雄市,E,42,42,14
543301,市立中山高中,B,1,1,2,補強-英語文,,,,,2,2,公立,B,A,高雄市,E,42,42,14
543301,市立中山高中,C,1,1,2,補強-英語文,,,,,2,2,公立,B,A,高雄市,E,42,42,14
543301,市立中山高中,D,1,1,2,補強-英語文,,,,,2,2,公立,B,A,高雄市,E,42,42,14
543301,市立中山高中,A,1,2,3,補強-數學,,,,,2,2,公立,B,A,高雄市,E,42,42,14
543301,市立中山高中,B,1,2,3,補強-數學,,,,,2,2,公立,B,A,高雄市,E,42,42,14
543301,市立中山高中,C,1,2,3,補強-數學,,,,,2,2,公立,B,A,高雄市,E,42,42,14
543301,市立中山高中,D,1,2,3,補強-數學,,,,,2,2,公立,B,A,高雄市,E,42,42,14
543301,市立中山高中,A,1,4,0C,補強-物理,,,,,2,2,公立,B,A,高雄市,E,42,42,14
543301,市立中山高中,B,1,4,0C,補強-物理,,,,,2,2,公立,B,A,高雄市,E,42,42,14
543301,市立中山高中,A,1,4,0D,補強-化學,,,,,2,2,公立,B,A,高雄市,E,42,42,14
543301,市立中山高中,B,1,4,0D,補強-化學,,,,,2,2,公立,B,A,高雄市,E,42,42,14
543301,市立中山高中,A,1,4,0E,補強-生物,,,,,2,2,公立,B,A,高雄市,E,42,42,14
543301,市立中山高中,B,1,4,0E,補強-生物,,,,,2,2,公立,B,A,高雄市,E,42,42,14
543301,市立中山高中,A,1,4,0F,補強-地球科學,,,,,2,2,公立,B,A,高雄市,E,42,42,14
543301,市立中山高中,B,1,4,0F,補強-地球科學,,,,,2,2,公立,B,A,高雄市,E,42,42,14
553302,市立三民高中,A,1,1,2,補強-英語文,,,1,1,2,2,公立,B,A,高雄市,D,36,36,11
553302,市立三民高中,B,1,1,2,補強-英語文,,,1,1,2,2,公立,B,A,高雄市,D,36,36,11
553302,市立三民高中,C,1,1,2,補強-英語文,,,,,2,2,公立,B,A,高雄市,D,36,36,11
553302,市立三民高中,D,1,1,2,補強-英語文,,,,,2,2,公立,B,A,高雄市,D,36,36,11
553302,市立三民高中,A,1,2,3,補強-數學,,,1,1,4,2,公立,B,A,高雄市,D,36,36,11
553302,市立三民高中,B,1,2,3,補強-數學,,,1,1,2,3,公立,B,A,高雄市,D,36,36,11
553302,市立三民高中,C,1,2,3,補強-數學,,,1,1,2,2,公立,B,A,高雄市,D,36,36,11
553302,市立三民高中,D,1,2,3,補強-數學,,,1,1,2,2,公立,B,A,高雄市,D,36,36,11
613301,市立小港高中,A,1,1,1,補強-國語文,,,,,2,,公立,B,A,高雄市,E,45,45,14
613301,市立小港高中,B,1,1,1,補強-國語文,,,,,2,,公立,B,A,高雄市,E,45,45,14
613301,市立小港高中,C,1,1,1,補強-國語文,,,,,2,,公立,B,A,高雄市,E,45,45,14
613301,市立小港高中,D,1,1,1,補強-國語文,,,,,2,,公立,B,A,高雄市,E,45,45,14
613301,市立小港高中,A,1,1,2,補強-英語文,,,,,2,,公立,B,A,高雄市,E,45,45,14
613301,市立小港高中,B,1,1,2,補強-英語文,,,,,2,,公立,B,A,高雄市,E,45,45,14
613301,市立小港高中,C,1,1,2,補強-英語文,,,,,2,,公立,B,A,高雄市,E,45,45,14
613301,市立小港高中,D,1,1,2,補強-英語文,,,,,2,,公立,B,A,高雄市,E,45,45,14
613301,市立小港高中,A,1,2,3,補強-數學,,,,,2,,公立,B,A,高雄市,E,45,45,14
613301,市立小港高中,B,1,2,3,補強-數學,,,,,2,,公立,B,A,高雄市,E,45,45,14
613301,市立小港高中,C,1,2,3,補強-數學,,,,,2,,公立,B,A,高雄市,E,45,45,14
613301,市立小港高中,D,1,2,3,補強-數學,,,,,2,,公立,B,A,高雄市,E,45,45,14
613301,市立小港高中,A,1,3,9,補強-歷史,,,,,2,,公立,B,A,高雄市,E,45,45,14
613301,市立小港高中,C,1,3,9,補強-歷史,,,,,2,,公立,B,A,高雄市,E,45,45,14
613301,市立小港高中,D,1,3,9,補強-歷史,,,,,2,,公立,B,A,高雄市,E,45,45,14
613301,市立小港高中,A,1,3,0A,補強-地理,,,,,2,,公立,B,A,高雄市,E,45,45,14
613301,市立小港高中,C,1,3,0A,補強-地理,,,,,2,,公立,B,A,高雄市,E,45,45,14
613301,市立小港高中,D,1,3,0A,補強-地理,,,,,2,,公立,B,A,高雄市,E,45,45,14
613301,市立小港高中,A,1,3,0B,補強-公民與社會,,,,,2,,公立,B,A,高雄市,E,45,45,14
613301,市立小港高中,C,1,3,0B,補強-公民與社會,,,,,2,,公立,B,A,高雄市,E,45,45,14
613301,市立小港高中,D,1,3,0B,補強-公民與社會,,,,,2,,公立,B,A,高雄市,E,45,45,14
613301,市立小港高中,B,1,4,0E,補強-生物,,,,,2,,公立,B,A,高雄市,E,45,45,14
613301,市立小港高中,C,1,4,0E,補強-生物,,,,,2,,公立,B,A,高雄市,E,45,45,14
613301,市立小港高中,B,1,4,0F,補強-地球科學,,,,,2,,公立,B,A,高雄市,E,45,45,14
613301,市立小港高中,C,1,4,0F,補強-地球科學,,,,,2,,公立,B,A,高雄市,E,45,45,14
070F01,國立和美實驗學校,A,1,1,2,補強-英語文,1,1,,,,,公立,A,F,彰化縣,B,15,12,3
070F01,國立和美實驗學校,B,1,1,2,補強-英語文,1,1,,,,,公立,A,F,彰化縣,B,15,12,3
070F01,國立和美實驗學校,A,1,2,3,補強-數學,1,1,,,,,公立,A,F,彰化縣,B,15,12,3
070F01,國立和美實驗學校,B,1,2,3,補強-數學,1,1,,,,,公立,A,F,彰化縣,B,15,12,3
801M01,私立東莞台商子弟學校,B,1,3,9,補強-歷史,,,1,,1,,私立,M,F,大陸,N,0,0,N
801M01,私立東莞台商子弟學校,B,1,3,0A,補強-地理,,,1,,1,,私立,M,F,大陸,N,0,0,N
801M02,私立華東臺商子女學校,A,1,3,9,補強-歷史,,,1,1,,,私立,M,F,大陸,N,0,0,N
801M02,私立華東臺商子女學校,A,1,3,0A,補強-地理,,,1,1,,,私立,M,F,大陸,N,0,0,N
901S01,私立印尼雅加達臺灣學校,C,1,3,9,補強-歷史,,,1,1,,,私立,M,F,印尼,N,0,0,N
901S01,私立印尼雅加達臺灣學校,C,1,3,0A,補強-地理,,,1,1,,,私立,M,F,印尼,N,0,0,N
901S02,私立印尼泗水臺灣學校,A,1,1,1,補強-國語文,,,,1,2,2,私立,M,F,印尼,N,0,0,N
901S02,私立印尼泗水臺灣學校,B,1,1,1,補強-國語文,,,2,,,,私立,M,F,印尼,N,0,0,N
901S02,私立印尼泗水臺灣學校,B,1,1,2,補強-英語文,,,,2,,,私立,M,F,印尼,N,0,0,N
901S02,私立印尼泗水臺灣學校,A,1,1,2,補強-英語文,,,,,2,,私立,M,F,印尼,N,0,0,N
901S02,私立印尼泗水臺灣學校,A,1,2,3,補強-數學,,,1,,2,2,私立,M,F,印尼,N,0,0,N
901S02,私立印尼泗水臺灣學校,B,1,2,3,補強-數學,,,,,,2,私立,M,F,印尼,N,0,0,N
901S02,私立印尼泗水臺灣學校,B,1,4,0C,補強-物理,,,,,1,,私立,M,F,印尼,N,0,0,N
901S02,私立印尼泗水臺灣學校,B,1,4,0D,補強-化學,,,,,,1,私立,M,F,印尼,N,0,0,N
901S03,私立馬來西亞吉隆坡臺灣學校,B,1,1,1,補強-國語文,1,1,1,1,1,1,私立,M,F,馬來西亞,N,0,0,N
901S03,私立馬來西亞吉隆坡臺灣學校,A,1,1,1,補強-國語文,1,1,1,1,1,1,私立,M,F,馬來西亞,N,0,0,N
901S03,私立馬來西亞吉隆坡臺灣學校,B,1,1,2,補強-英語文,1,2,,,,,私立,M,F,馬來西亞,N,0,0,N
901S03,私立馬來西亞吉隆坡臺灣學校,A,1,1,2,補強-英語文,1,2,2,2,1,1,私立,M,F,馬來西亞,N,0,0,N
901S03,私立馬來西亞吉隆坡臺灣學校,B,1,2,3,補強-數學,1,2,,,,,私立,M,F,馬來西亞,N,0,0,N
901S03,私立馬來西亞吉隆坡臺灣學校,A,1,2,3,補強-數學,1,2,2,2,1,1,私立,M,F,馬來西亞,N,0,0,N
901S03,私立馬來西亞吉隆坡臺灣學校,A,1,3,9,補強-歷史,,,2,,2,2,私立,M,F,馬來西亞,N,0,0,N
901S03,私立馬來西亞吉隆坡臺灣學校,A,1,3,0A,補強-地理,,,,2,2,2,私立,M,F,馬來西亞,N,0,0,N
901S03,私立馬來西亞吉隆坡臺灣學校,B,1,4,0C,補強-物理,1,,2,2,1,1,私立,M,F,馬來西亞,N,0,0,N
901S03,私立馬來西亞吉隆坡臺灣學校,A,1,4,0C,補強-物理,1,,,,,,私立,M,F,馬來西亞,N,0,0,N
901S03,私立馬來西亞吉隆坡臺灣學校,B,1,4,0D,補強-化學,,,2,2,1,1,私立,M,F,馬來西亞,N,0,0,N
901S03,私立馬來西亞吉隆坡臺灣學校,A,1,4,0E,補強-生物,1,,,,,,私立,M,F,馬來西亞,N,0,0,N
901S03,私立馬來西亞吉隆坡臺灣學校,B,1,4,0E,補強-生物,1,,2,2,1,1,私立,M,F,馬來西亞,N,0,0,N
